balance, price
557, 484
572, 500
572, 492
572, 473
572, 468
536, 456
536, 469
536, 459
536, 456
508, 441
508, 446
508, 434
512, 451
512, 458
514, 461
514, 456
514, 440
514, 432
473, 415
473, 421
473, 407
473, 393
452, 400
452, 382
453, 383
453, 382
453, 376
453, 369
430, 359
430, 374
436, 381
436, 391
436, 389
453, 407
453, 407
456, 410
456, 401
462, 408
462, 403
478, 419
478, 429
478, 423
478, 424
475, 426
475, 420
495, 439
495, 439
503, 448
503, 441
503, 430
503, 417
484, 422
484, 441
484, 446
484, 448
484, 458
484, 474
484, 485
484, 466
484, 450
484, 438
484, 445
484, 427
489, 433
489, 428
501, 439
501, 428
501, 418
508, 435
508, 427
526, 445
526, 426
526, 411
526, 398
517, 417
517, 431
517, 421
522, 436
522, 437
542, 456
542, 447
542, 435
542, 432
511, 416
511, 429
511, 409
511, 397
461, 379
461, 372
461, 355
461, 370
447, 358
447, 372
450, 376
450, 366
450, 351
450, 342
446, 362
446, 377
455, 386
455, 372
472, 388
472, 387
492, 407
492, 410
510, 427
510, 421
521, 433
521, 435
521, 419
521, 410
505, 419
505, 407
505, 402
505, 391
470, 372
470, 377
470, 364
470, 354
448, 356
448, 358
455, 365
455, 368
455, 354
457, 370
457, 371
470, 384
470, 395
475, 400
475, 399
477, 401
477, 383
477, 383
477, 366
446, 351
446, 333
455, 342
455, 326
455, 316
460, 331
460, 314
461, 316
461, 329
461, 326
461, 312
432, 300
432, 282
432, 277
434, 284
434, 300
449, 316
449, 335
459, 344
459, 328
479, 348
479, 362
497, 381
497, 395
497, 392
500, 398
500, 397
500, 389
500, 391
481, 379
481, 392
481, 389
481, 379
461, 372
461, 354
462, 356
462, 360
462, 350
462, 341
431, 328
431, 325
431, 307
431, 300
395, 289
395, 294
395, 276
395, 284
394, 292
394, 297
394, 295
410, 314
410, 322
410, 305
410, 311
393, 305
393, 321
404, 332
404, 326
404, 309
404, 295
376, 298
376, 301
376, 286
376, 275
367, 292
367, 290
367, 280
367, 282
341, 264
341, 270
341, 270
341, 267
322, 252
322, 247
327, 251
327, 263
329, 265
329, 250
329, 249
340, 261
340, 248
340, 235
340, 239
324, 232
324, 232
342, 249
342, 261
351, 270
351, 276
351, 265
351, 246
328, 253
328, 265
328, 265
337, 273
337, 277
337, 264
337, 262
321, 261
321, 279
326, 284
326, 297
326, 313
326, 326
326, 310
326, 321
326, 324
326, 304
326, 295
326, 303
326, 285
328, 287
328, 286
342, 300
342, 316
342, 321
342, 310
342, 317
342, 309
342, 319
342, 335
342, 330
342, 311
342, 293
331, 283
331, 286
331, 272
331, 278
316, 271
316, 285
316, 301
316, 312
316, 295
316, 290
316, 292
316, 286
316, 268
316, 269
316, 287
316, 275
331, 290
331, 300
331, 287
331, 276
318, 274
318, 277
328, 287
328, 303
328, 295
339, 307
339, 311
339, 314
339, 297
345, 302
345, 308
345, 291
345, 305
361, 324
361, 334
361, 317
361, 314
361, 317
361, 314
361, 311
361, 302
332, 285
332, 296
349, 313
349, 331
349, 317
349, 330
349, 340
349, 354
349, 358
349, 364
349, 352
349, 343
349, 328
349, 310
348, 310
348, 311
348, 299
348, 306
345, 308
345, 289
355, 298
355, 315
355, 316
355, 302
357, 317
357, 305
362, 311
362, 317
382, 336
382, 346
382, 359
382, 358
382, 339
382, 339
382, 332
382, 327
382, 331
396, 347
396, 365
396, 347
396, 343
409, 360
409, 353
426, 371
426, 355
426, 343
426, 336
415, 344
415, 347
415, 341
423, 355
423, 354
423, 350
434, 365
434, 381
434, 363
434, 359
417, 364
417, 345
417, 340
417, 342
433, 361
433, 359
433, 347
433, 332
419, 345
419, 331
419, 323
426, 338
426, 336
426, 326
434, 345
434, 342
449, 356
449, 363
449, 346
449, 350
431, 345
431, 344
433, 345
433, 360
448, 376
448, 357
461, 370
461, 385
461, 386
461, 383
473, 397
473, 387
480, 395
480, 391
482, 392
482, 399
482, 398
500, 417
500, 429
509, 438
509, 420
509, 400
509, 413
503, 413
503, 422
519, 438
519, 458
519, 446
519, 431
491, 430
491, 424
495, 428
495, 440
495, 430
501, 446
501, 433
501, 418
501, 406
458, 390
458, 402
458, 397
458, 391
428, 372
428, 372
430, 374
430, 375
430, 357
430, 370
427, 373
427, 368
438, 379
438, 365
445, 371
445, 357
445, 346
446, 359
446, 364
458, 375
458, 359
470, 372
470, 354
480, 364
480, 346
480, 331
480, 332
448, 314
448, 317
448, 301
448, 282
432, 300
432, 298
432, 290
432, 290
406, 272
406, 282
406, 282
406, 281
399, 275
399, 293
409, 303
409, 288
429, 308
429, 322
429, 319
429, 319
442, 335
442, 335
442, 319
442, 322
429, 323
429, 342
448, 362
448, 364
448, 362
454, 370
454, 367
458, 371
458, 355
458, 351
469, 366
469, 371
472, 374
472, 387
486, 401
486, 390
486, 381
486, 375
475, 379
475, 387
475, 374
478, 390
478, 379
483, 384
483, 378
500, 395
500, 386
508, 394
508, 382
508, 373
508, 369
509, 383
509, 386
509, 374
509, 367
500, 377
500, 390
500, 379
508, 397
508, 407
508, 387
508, 372
489, 388
489, 378
489, 372
489, 361
479, 368
479, 363
489, 373
489, 361
504, 376
504, 366
520, 382
520, 364
533, 377
533, 371
533, 369
533, 359
539, 376
539, 364
539, 347
539, 339
503, 329
503, 313
503, 313
503, 311
503, 313
503, 324
509, 329
509, 322
509, 304
509, 315
517, 331
517, 336
527, 345
527, 336
527, 317
527, 315
513, 321
513, 313
513, 313
513, 300
481, 282
481, 290
481, 290
481, 288
498, 307
498, 313
498, 303
498, 283
459, 274
459, 283
459, 281
459, 280
462, 285
462, 279
463, 280
463, 277
474, 288
474, 289
474, 287
479, 294
479, 291
492, 305
492, 297
492, 279
492, 265
443, 247
443, 233
443, 223
443, 206
423, 212
423, 207
423, 196
423, 186
389, 173
389, 167
389, 166
389, 148
387, 165
387, 160
387, 160
387, 154
399, 172
399, 188
399, 181
412, 201
412, 204
418, 210
418, 212
418, 205
418, 211
421, 215
421, 201
430, 210
430, 218
450, 237
450, 231
461, 241
461, 234
463, 236
463, 242
477, 256
477, 261
477, 254
485, 269
485, 277
491, 283
491, 268
503, 279
503, 269
503, 267
509, 275
509, 269
510, 270
510, 277
510, 278
510, 262
500, 268
500, 259
518, 277
518, 289
518, 271
518, 257
481, 252
481, 259
486, 264
486, 246
486, 245
489, 250
489, 258
489, 245
489, 241
468, 236
468, 250
468, 234
468, 245
471, 253
471, 246
471, 229
471, 238
456, 231
456, 232
456, 212
456, 202
435, 211
435, 216
435, 199
435, 211
416, 197
416, 212
426, 223
426, 207
426, 207
439, 219
439, 206
455, 222
455, 239
455, 231
460, 245
460, 258
472, 269
472, 270
475, 273
475, 278
484, 287
484, 271
484, 259
491, 278
491, 281
491, 271
491, 276
484, 273
484, 259
484, 248
484, 249
485, 260
485, 263
502, 281
502, 271
512, 281
512, 269
521, 277
521, 279
531, 289
531, 270
550, 290
550, 290
552, 291
552, 280
556, 284
556, 277
570, 291
570, 292
583, 306
583, 288
588, 292
588, 307
592, 311
592, 305
592, 285
592, 300
577, 290
577, 270
587, 280
587, 299
602, 314
602, 315
616, 329
616, 315
616, 316
616, 314
624, 322
624, 312
637, 324
637, 333
637, 326
644, 340
644, 334
644, 333
648, 337
648, 327
648, 313
648, 309
621, 300
621, 294
630, 302
630, 285
630, 281
631, 287
631, 284
639, 291
639, 287
639, 276
639, 286
656, 304
656, 284
656, 273
656, 256
645, 273
645, 290
645, 281
645, 266
628, 274
628, 277
628, 276
646, 294
646, 276
650, 281
650, 275
653, 278
653, 289
653, 269
653, 286
663, 299
663, 305
682, 324
682, 327
698, 343
698, 360
698, 359
698, 346
703, 365
703, 379
703, 363
703, 366
699, 375
699, 390
699, 376
699, 359
682, 372
682, 363
684, 365
684, 384
702, 402
702, 411
702, 395
702, 386
668, 376
668, 379
673, 384
673, 372
673, 365
679, 378
679, 374
679, 374
679, 375
678, 373
678, 382
692, 396
692, 393
692, 374
692, 387
672, 373
672, 390
672, 384
682, 400
682, 403
687, 408
687, 404
687, 397
700, 416
700, 419
700, 402
700, 414
675, 395
675, 411
675, 395
680, 415
680, 431
695, 447
695, 442
702, 448
702, 448
702, 429
702, 412
667, 413
667, 420
667, 418
667, 412
667, 421
667, 419
681, 433
681, 433
681, 426
689, 441
689, 436
689, 426
689, 430
679, 425
679, 438
682, 441
682, 422
693, 433
693, 434
710, 451
710, 460
724, 475
724, 462
724, 447
724, 451
704, 441
704, 423
704, 424
707, 427
707, 441
719, 453
719, 442
719, 435
719, 428
690, 413
690, 422
690, 419
690, 411
668, 400
668, 408
668, 405
668, 388
654, 394
654, 406
657, 409
657, 391
657, 386
657, 391
666, 399
666, 380
666, 377
676, 390
676, 392
695, 411
695, 427
695, 420
695, 408
683, 414
683, 411
683, 408
683, 396
684, 412
684, 393
692, 401
692, 390
692, 373
692, 377
690, 388
690, 388
690, 375
690, 384
692, 389
692, 407
692, 391
692, 386
667, 383
667, 370
681, 383
681, 386
681, 380
681, 366
654, 360
654, 349
654, 348
654, 339
655, 350
655, 349
665, 359
665, 379
677, 391
677, 375
686, 383
686, 402
686, 398
686, 379
651, 368
651, 367
651, 348
651, 350
635, 351
635, 369
638, 371
638, 353
638, 348
638, 338
613, 328
613, 340
615, 342
615, 337
615, 326
615, 315
587, 309
587, 306
587, 303
593, 313
593, 316
593, 302
593, 287
564, 287
564, 283
564, 271
564, 279
566, 285
566, 277
582, 293
582, 284
584, 286
584, 303
584, 286
587, 306
587, 310
587, 307
597, 320
597, 334
604, 341
604, 360
604, 353
604, 350
590, 347
590, 361
590, 354
590, 338
573, 343
573, 334
577, 338
577, 321
577, 303
577, 286
548, 291
548, 286
548, 272
548, 273
537, 276
537, 256
537, 238
537, 221
500, 219
500, 203
504, 207
504, 193
511, 201
511, 186
525, 199
525, 211
525, 200
525, 200
511, 197
511, 211
511, 192
511, 196
481, 181
481, 191
481, 184
481, 168
473, 184
473, 189
475, 191
475, 207
475, 188
475, 192
468, 200
468, 193
480, 205
480, 204
480, 193
480, 190
483, 207
483, 211
496, 224
496, 213
496, 196
496, 193
457, 174
457, 172
464, 179
464, 164
464, 162
464, 157
446, 146
446, 128
460, 142
460, 140
461, 142
461, 157
461, 137
461, 154
473, 169
473, 162
473, 157
473, 158
471, 159
471, 173
478, 181
478, 172
489, 183
489, 165
489, 158
489, 141
475, 151
475, 167
475, 155
475, 140
448, 140
448, 135
448, 116
448, 132
432, 119
432, 123
438, 129
438, 111
438, 95
441, 113
441, 106
441, 92
445, 111
445, 119
460, 133
460, 143
460, 136
461, 145
461, 153
477, 168
477, 153
477, 149
477, 154
492, 168
492, 165
496, 169
496, 181
500, 185
500, 197
509, 206
509, 218
509, 199
509, 219
491, 200
491, 213
491, 209
491, 206
476, 199
476, 217
478, 219
478, 213
478, 195
478, 195
466, 201
466, 212
466, 194
466, 198
439, 185
439, 200
454, 215
454, 197
454, 177
454, 160
411, 154
411, 140
411, 127
411, 118
371, 99
371, 83
371, 66
371, 66
335, 46
335, 56
349, 70
349, 68
349, 58
356, 74
356, 80
366, 90
366, 91
366, 91
366, 82
342, 67
342, 86
342, 74
342, 83
326, 70
326, 72
326, 61
326, 54
322, 68
322, 69
322, 56
322, 44
286, 32
286, 26
298, 38
298, 52
298, 51
298, 49
284, 38
284, 32
284, 25
284, 12
265, 13
265, 28
283, 47
283, 36
293, 46
293, 50
293, 33
293, 38
283, 39
283, 37
283, 22
286, 40
286, 45
286, 36
286, 41
263, 22
263, 23
263, 10
263, 23
275, 36
275, 21
275, 14
275, 1
262, 7
262, 0
262, 0
262, 0
262, 0
262, 0
262, 15
259, 13
259, 2
259, 0
275, 18
275, 11
275, 8
275, 0
270, 6
270, 0
270, 7
279, 16
279, 21
284, 26
284, 32
285, 33
285, 53
285, 53
285, 53
279, 46
279, 55
294, 69
294, 86
298, 90
298, 91
305, 98
305, 91
307, 94
307, 101
323, 116
323, 123
323, 114
325, 124
325, 136
326, 138
326, 124
326, 106
326, 95
292, 90
292, 73
292, 68
298, 79
298, 70
309, 81
309, 85
323, 99
323, 101
323, 97
323, 81
296, 74
296, 69
296, 65
296, 53
293, 67
293, 74
309, 90
309, 92
315, 98
315, 105
315, 87
315, 105
320, 110
320, 124
328, 133
328, 150
338, 159
338, 176
357, 195
357, 177
370, 190
370, 188
377, 195
377, 190
388, 202
388, 217
404, 234
404, 221
421, 238
421, 220
429, 228
429, 245
429, 231
429, 221
386, 202
386, 203
392, 209
392, 206
405, 219
405, 208
416, 219
416, 233
416, 227
425, 241
425, 242
425, 230
433, 250
433, 245
433, 244
444, 256
444, 270
444, 270
444, 252
420, 246
420, 231
434, 245
434, 231
434, 230
434, 215
412, 209
412, 197
412, 185
412, 189
424, 209
424, 211
435, 222
435, 213
435, 214
438, 216
438, 205
448, 215
448, 201
448, 197
448, 197
427, 180
427, 199
427, 181
427, 190
435, 208
435, 203
435, 198
442, 210
442, 192
451, 201
451, 210
467, 226
467, 210
480, 223
480, 210
493, 223
493, 228
507, 241
507, 249
507, 238
507, 219
479, 221
479, 232
479, 220
479, 214
465, 217
465, 207
471, 213
471, 204
471, 188
471, 192
442, 175
442, 156
456, 170
456, 187
456, 179
456, 170
443, 174
443, 170
443, 154
443, 150
431, 159
431, 166
436, 170
436, 162
443, 170
443, 185
457, 198
457, 210
461, 214
461, 194
468, 201
468, 195
468, 195
481, 208
481, 190
500, 209
500, 200
500, 196
500, 179
492, 192
492, 177
507, 191
507, 186
507, 175
513, 192
513, 208
523, 218
523, 214
533, 224
533, 238
533, 221
533, 202
486, 191
486, 194
501, 209
501, 219
501, 218
501, 205
505, 223
505, 227
515, 238
515, 238
532, 255
532, 267
532, 265
545, 280
545, 287
559, 300
559, 289
559, 280
560, 291
560, 303
560, 298
570, 312
570, 311
574, 315
574, 323
574, 313
574, 306
541, 290
541, 292
541, 276
541, 283
525, 276
525, 262
525, 247
525, 252
501, 237
501, 235
501, 229
501, 210
472, 206
472, 213
472, 210
472, 214
469, 211
469, 215
469, 207
469, 209
455, 201
455, 189
473, 207
473, 224
479, 230
479, 246
479, 229
479, 236
457, 223
457, 213
457, 197
457, 195
454, 209
454, 228
458, 232
458, 221
462, 225
462, 231
468, 237
468, 217
479, 229
479, 241
479, 240
486, 247
486, 251
489, 254
489, 235
502, 248
502, 261
521, 279
521, 271
539, 289
539, 282
539, 275
539, 280
545, 289
545, 274
557, 285
557, 290
576, 309
576, 311
589, 324
589, 333
589, 314
589, 331
573, 317
573, 317
573, 301
573, 316
590, 335
590, 328
609, 347
609, 354
609, 353
618, 362
618, 366
631, 379
631, 397
650, 416
650, 411
667, 429
667, 411
680, 424
680, 437
680, 425
680, 414
648, 405
648, 386
662, 400
662, 392
662, 375
662, 358
626, 356
626, 349
626, 348
626, 331
599, 322
599, 331
608, 341
608, 353
608, 354
608, 349
592, 337
592, 355
603, 366
603, 352
603, 341
604, 353
604, 356
609, 361
609, 347
611, 349
611, 335
618, 343
618, 351
618, 342
618, 341
598, 331
598, 326
605, 333
605, 345
605, 330
605, 320
563, 303
563, 288
563, 272
563, 271
543, 269
543, 256
543, 237
543, 236
505, 218
505, 226
505, 222
505, 210
507, 228
507, 224
507, 205
507, 205
494, 211
494, 214
494, 213
494, 199
477, 197
477, 204
487, 214
487, 214
493, 220
493, 219
493, 200
493, 209
495, 221
495, 239
495, 219
495, 239
483, 227
483, 221
483, 212
483, 209
456, 194
456, 193
465, 202
465, 185
472, 193
472, 201
475, 204
475, 198
487, 211
487, 224
487, 222
487, 213
458, 195
458, 188
465, 195
465, 195
471, 201
471, 206
472, 207
472, 202
478, 207
478, 211
478, 194
478, 201
450, 183
450, 197
450, 181
450, 187
446, 193
446, 196
447, 197
447, 194
464, 211
464, 213
464, 203
464, 207
467, 215
467, 235
467, 222
467, 232
447, 214
447, 211
447, 207
458, 223
458, 239
474, 254
474, 256
474, 251
479, 261
479, 264
479, 264
482, 267
482, 272
490, 280
490, 280
490, 270
498, 288
498, 274
498, 267
498, 252
468, 244
468, 234
473, 238
473, 246
483, 256
483, 257
483, 248
483, 250
468, 241
468, 250
468, 243
468, 243
479, 262
479, 277
489, 287
489, 302
489, 287
489, 288
469, 282
469, 273
489, 293
489, 303
489, 301
489, 299
482, 296
482, 279
487, 284
487, 265
490, 268
490, 274
496, 279
496, 277
511, 292
511, 308
511, 295
514, 310
514, 326
514, 310
514, 304
496, 308
496, 289
509, 302
509, 308
526, 325
526, 344
526, 327
526, 311
481, 300
481, 304
481, 299
481, 285
476, 299
476, 298
489, 311
489, 312
489, 306
489, 302
475, 297
475, 291
490, 307
490, 319
497, 325
497, 324
497, 322
505, 332
505, 339
505, 324
505, 332
504, 339
504, 331
504, 316
504, 296
457, 284
457, 300
457, 296
457, 279
456, 298
456, 317
456, 307
456, 304
444, 305
444, 315
444, 300
446, 317
446, 300
446, 297
446, 278
415, 269
415, 278
415, 277
415, 275
426, 290
426, 300
426, 299
426, 286
408, 282
408, 292
408, 292
408, 288
412, 296
412, 295
412, 292
425, 308
425, 307
425, 307
430, 313
430, 331
430, 325
442, 342
442, 339
458, 356
458, 375
464, 381
464, 377
477, 389
477, 380
486, 389
486, 376
486, 368
486, 348
458, 347
458, 330
472, 344
472, 333
472, 323
476, 338
476, 328
489, 341
489, 323
491, 326
491, 342
506, 357
506, 345
506, 330
506, 345
493, 332
493, 339
493, 325
493, 308
474, 320
474, 316
483, 324
483, 314
490, 321
490, 339
490, 329
490, 333
466, 315
466, 320
466, 304
466, 313
454, 308
454, 313
454, 294
454, 286
420, 278
420, 291
420, 289
428, 300
428, 285
428, 275
428, 259
383, 240
383, 234
393, 244
393, 259
393, 244
393, 255
402, 268
402, 261
420, 279
420, 295
437, 313
437, 313
437, 311
446, 322
446, 314
449, 318
449, 322
449, 317
449, 312
455, 328
455, 340
464, 349
464, 339
464, 321
464, 321
437, 312
437, 302
450, 316
450, 322
460, 332
460, 314
460, 300
460, 296
444, 298
444, 317
459, 332
459, 329
459, 322
471, 340
471, 360
471, 353
471, 349
478, 367
478, 356
478, 353
480, 358
480, 376
488, 384
488, 371
504, 387
504, 375
507, 378
507, 393
507, 380
507, 376
503, 389
503, 406
508, 411
508, 420
522, 434
522, 454
530, 463
530, 452
530, 441
538, 460
538, 444
538, 433
542, 448
542, 439
545, 441
545, 438
562, 455
562, 474
577, 489
577, 478
577, 471
577, 455
567, 468
567, 452
585, 470
585, 476
592, 483
592, 476
592, 460
592, 466
592, 476
592, 493
592, 492
592, 494
576, 477
576, 472
576, 469
576, 457
550, 445
550, 431
565, 446
565, 438
565, 419
565, 433
564, 437
564, 447
564, 431
564, 431
564, 447
564, 448
572, 456
572, 469
587, 484
587, 480
601, 494
601, 488
613, 500
613, 495
613, 494
613, 495
594, 477
594, 483
602, 491
602, 496
602, 485
602, 471
564, 458
564, 440
564, 424
564, 416
523, 399
523, 381
523, 374
523, 380
505, 363
505, 356
512, 363
512, 375
512, 375
512, 357
490, 353
490, 357
490, 341
490, 357
507, 374
507, 382
507, 367
507, 350
478, 353
478, 353
478, 334
478, 329
462, 337
462, 333
464, 335
464, 326
473, 335
473, 326
473, 315
473, 311
453, 307
453, 288
465, 299
465, 281
465, 269
465, 273
457, 273
457, 265
457, 251
457, 266
441, 249
441, 249
443, 250
443, 257
443, 258
443, 247
449, 263
449, 279
455, 285
455, 280
473, 298
473, 301
491, 320
491, 333
499, 341
499, 356
509, 366
509, 368
509, 358
509, 349
507, 365
507, 375
519, 387
519, 401
532, 415
532, 396
549, 413
549, 403
549, 396
549, 377
537, 391
537, 407
539, 409
539, 390
539, 389
544, 395
544, 380
558, 395
558, 381
562, 385
562, 368
562, 358
562, 342
523, 328
523, 340
523, 335
523, 322
515, 332
515, 342
515, 327
515, 332
522, 349
522, 341
522, 322
522, 315
510, 329
510, 344
510, 330
510, 337
493, 328
493, 309
493, 300
500, 315
500, 314
510, 324
510, 323
526, 338
526, 320
526, 313
529, 323
529, 311
530, 312
530, 301
534, 305
534, 289
534, 285
534, 290
530, 285
530, 284
530, 270
530, 255
493, 247
493, 238
497, 242
497, 242
516, 261
516, 275
531, 290
531, 307
531, 297
531, 297
515, 291
515, 292
524, 301
524, 307
524, 304
536, 318
536, 311
539, 314
539, 294
539, 287
539, 278
532, 288
532, 270
549, 288
549, 281
549, 262
549, 247
502, 233
502, 238
502, 220
502, 203
468, 204
468, 222
468, 205
468, 187
432, 186
432, 176
432, 157
432, 161
412, 155
412, 144
416, 149
416, 150
434, 168
434, 169
434, 165
434, 163
424, 158
424, 172
440, 188
440, 200
440, 196
453, 213
453, 215
457, 219
457, 236
457, 236
457, 234
451, 230
451, 210
467, 226
467, 215
475, 224
475, 236
475, 237
487, 247
487, 264
489, 267
489, 270
494, 275
494, 287
496, 289
496, 297
499, 299
499, 285
499, 273
499, 278
481, 267
481, 273
498, 291
498, 296
498, 277
498, 273
493, 291
493, 274
493, 261
493, 246
447, 227
447, 208
450, 212
450, 210
450, 202
450, 190
426, 185
426, 203
426, 193
426, 175
387, 165
387, 164
387, 157
387, 155
387, 164
387, 145
387, 128
387, 124
353, 112
353, 104
364, 116
364, 109
377, 121
377, 108
386, 117
386, 115
386, 100
386, 103
378, 108
378, 100
378, 93
378, 79
350, 73
350, 65
350, 52
350, 51
345, 59
345, 78
345, 64
345, 72
345, 79
345, 61
345, 46
345, 36
329, 44
329, 58
344, 73
344, 73
344, 67
344, 57
335, 65
335, 64
335, 53
343, 72
343, 58
343, 52
343, 59
328, 43
328, 24
328, 17
339, 36
339, 46
339, 39
343, 50
343, 41
343, 23
343, 18
340, 37
340, 50
340, 39
342, 53
342, 48
342, 46
342, 37
317, 22
317, 38
317, 21
317, 14
282, 3
282, 0
282, 13
294, 25
294, 9
309, 24
309, 9
309, 0
309, 0
314, 14
314, 13
314, 0
314, 13
312, 12
312, 26
312, 13
312, 7
297, 11
297, 28
297, 19
297, 12
272, 3
272, 0
272, 20
272, 13
252, 0
252, 20
261, 28
261, 33
261, 19
261, 9
257, 28
257, 24
257, 25
257, 10
258, 26
258, 28
277, 47
277, 63
277, 61
277, 59
284, 70
284, 54
293, 62
293, 50
296, 53
296, 68
301, 73
301, 90
310, 98
310, 85
317, 93
317, 109
317, 95
317, 98
314, 105
314, 94
314, 82
314, 66
281, 61
281, 46
281, 45
290, 54
290, 40
299, 49
299, 63
299, 62
299, 57
302, 66
302, 78
321, 97
321, 104
338, 122
338, 112
338, 93
338, 89
323, 97
323, 83
323, 80
340, 99
340, 81
359, 100
359, 86
363, 90
363, 101
363, 96
365, 102
365, 88
365, 88
365, 73
352, 75
352, 80
352, 61
352, 68
352, 80
352, 73
352, 54
352, 67
342, 63
342, 46
342, 43
342, 45
337, 40
337, 56
353, 73
353, 71
370, 87
370, 91
370, 91
370, 84
346, 67
346, 81
361, 97
361, 98
361, 93
361, 98
377, 114
377, 114
377, 102
377, 109
371, 108
371, 101
371, 91
371, 75
358, 88
358, 101
375, 118
375, 127
379, 131
379, 139
381, 140
381, 155
388, 162
388, 162
388, 161
403, 177
403, 183
403, 170
403, 177
391, 171
391, 168
391, 152
391, 132
361, 139
361, 153
377, 168
377, 150
393, 166
393, 158
393, 147
399, 164
399, 148
399, 148
411, 160
411, 167
411, 158
415, 172
415, 174
415, 172
415, 157
394, 152
394, 146
394, 133
394, 126
373, 125
373, 116
373, 98
373, 105
351, 94
351, 75
351, 75
351, 70
334, 58
334, 50
334, 48
334, 37
330, 46
330, 56
330, 55
330, 53
319, 44
319, 44
320, 45
320, 29
336, 44
336, 26
336, 22
336, 23
349, 39
349, 31
360, 42
360, 27
363, 30
363, 29
379, 45
379, 58
398, 77
398, 64
405, 71
405, 83
405, 79
412, 90
412, 82
412, 69
412, 74
393, 63
393, 46
393, 31
393, 38
374, 27
374, 17
383, 26
383, 38
386, 41
386, 43
386, 33
386, 37
387, 44
387, 36
402, 51
402, 38
402, 27
402, 11
364, 0
364, 8
364, 1
377, 20
377, 6
377, 2
378, 7
378, 0
378, 17
378, 2
360, 0
360, 10
360, 0
360, 3
351, 0
351, 0
351, 0
351, 3
352, 4
352, 4
352, 4
359, 12
359, 20
359, 2
359, 13
351, 11
351, 30
351, 30
369, 48
369, 29
373, 33
373, 50
384, 60
384, 45
384, 28
384, 37
387, 49
387, 69
398, 79
398, 95
405, 102
405, 114
424, 133
424, 122
428, 126
428, 127
436, 134
436, 142
452, 158
452, 171
452, 162
452, 144
431, 150
431, 160
431, 156
446, 175
446, 182
446, 167
446, 158
416, 152
416, 147
419, 149
419, 161
431, 173
431, 166
431, 148
431, 167
439, 174
439, 183
439, 164
439, 173
429, 173
429, 193
436, 199
436, 196
448, 209
448, 226
448, 222
448, 202
430, 209
430, 205
430, 186
430, 179
387, 161
387, 174
406, 193
406, 203
406, 198
406, 186
400, 197
400, 194
400, 179
400, 193
415, 209
415, 220
423, 228
423, 218
423, 198
423, 201
424, 218
424, 205
443, 224
443, 224
462, 242
462, 256
477, 271
477, 255
477, 254
493, 272
493, 253
493, 235
493, 246
468, 228
468, 229
483, 243
483, 233
501, 250
501, 257
519, 275
519, 262
531, 274
531, 275
531, 259
531, 267
504, 248
504, 240
519, 255
519, 238
527, 246
527, 265
527, 256
527, 246
514, 253
514, 246
514, 228
514, 238
490, 222
490, 205
490, 185
490, 201
479, 193
479, 194
479, 178
479, 160
454, 169
454, 187
462, 196
462, 210
464, 212
464, 201
469, 206
469, 207
469, 203
481, 219
481, 235
489, 243
489, 247
496, 254
496, 263
516, 282
516, 288
521, 294
521, 278
527, 284
527, 269
546, 288
546, 305
549, 308
549, 314
555, 320
555, 337
560, 342
560, 355
572, 366
572, 351
578, 357
578, 369
586, 377
586, 376
586, 369
586, 364
580, 371
580, 370
580, 354
580, 359
582, 371
582, 373
585, 375
585, 358
592, 365
592, 373
603, 385
603, 393
606, 396
606, 407
606, 400
616, 417
616, 422
616, 403
616, 413
597, 403
597, 406
610, 419
610, 414
610, 413
613, 416
613, 409
622, 419
622, 401
622, 382
622, 385
610, 389
610, 370
610, 360
610, 362
610, 370
610, 388
610, 381
610, 376
588, 366
588, 367
600, 379
600, 378
609, 386
609, 370
627, 388
627, 406
627, 401
627, 394
632, 412
632, 410
637, 414
637, 419
641, 423
641, 426
653, 439
653, 433
653, 430
653, 417
653, 432
653, 427
663, 438
663, 447
673, 457
673, 477
682, 485
682, 472
684, 473
684, 462
684, 451
688, 467
688, 464
708, 484
708, 493
725, 510
725, 498
745, 518
745, 509
745, 506
745, 494
739, 503
739, 501
739, 498
743, 505
743, 519
743, 511
743, 508
743, 519
743, 524
743, 506
743, 513
715, 495
715, 498
724, 507
724, 496
724, 480
724, 477
707, 480
707, 466
707, 449
707, 436
693, 453
693, 449
693, 437
693, 439
667, 423
667, 415
667, 413
667, 393
651, 399
651, 412
654, 415
654, 432
668, 446
668, 439
686, 457
686, 468
706, 488
706, 482
712, 488
712, 493
712, 487
712, 473
696, 477
696, 493
696, 482
696, 473
676, 472
676, 484
676, 469
676, 460
649, 458
649, 438
663, 452
663, 450
673, 461
673, 478
690, 494
690, 495
701, 506
701, 492
701, 473
701, 458
653, 444
653, 432
672, 451
672, 449
676, 452
676, 459
690, 473
690, 487
690, 484
699, 495
699, 482
699, 477
699, 477
678, 460
678, 466
696, 484
696, 476
704, 483
704, 485
708, 489
708, 483
708, 472
708, 467
673, 448
673, 460
673, 441
673, 435
647, 434
647, 432
647, 427
647, 429
636, 421
636, 415
648, 427
648, 414
661, 427
661, 423
661, 421
661, 406
637, 399
637, 401
637, 394
637, 393
624, 388
624, 407
640, 422
640, 419
649, 429
649, 409
654, 414
654, 430
662, 437
662, 424
664, 426
664, 425
673, 435
673, 437
673, 417
673, 399
653, 416
653, 424
653, 421
664, 435
664, 423
671, 430
671, 432
690, 451
690, 468
690, 461
690, 446
669, 447
669, 446
669, 435
669, 421
637, 414
637, 406
656, 426
656, 432
656, 431
656, 414
654, 430
654, 418
654, 400
654, 397
626, 390
626, 381
626, 378
626, 379
644, 399
644, 389
644, 374
644, 382
645, 390
645, 406
645, 391
645, 393
631, 392
631, 392
634, 395
634, 401
634, 393
634, 386
601, 368
601, 379
601, 369
601, 379
604, 382
604, 388
608, 392
608, 401
615, 408
615, 411
615, 394
615, 382
567, 362
567, 353
567, 343
567, 327
536, 322
536, 340
536, 335
536, 340
554, 358
554, 358
573, 377
573, 385
584, 395
584, 403
584, 394
584, 399
580, 400
580, 403
594, 417
594, 414
594, 403
600, 420
600, 423
612, 436
612, 421
612, 411
617, 426
617, 442
625, 449
625, 451
635, 461
635, 441
635, 434
635, 438
621, 427
621, 430
621, 415
621, 412
611, 420
611, 401
611, 400
611, 389
602, 392
602, 403
603, 404
603, 405
603, 387
603, 370
554, 355
554, 344
554, 324
554, 332
529, 320
529, 330
539, 340
539, 351
539, 334
539, 345
536, 348
536, 350
549, 363
549, 362
549, 342
549, 341
520, 332
520, 346
520, 329
520, 342
516, 343
516, 336
516, 319
516, 312
507, 326
507, 331
523, 347
523, 361
523, 346
523, 327
485, 323
485, 314
485, 302
485, 304
492, 322
492, 325
492, 308
492, 293
448, 280
448, 295
448, 278
448, 261
425, 272
425, 265
434, 273
434, 257
450, 273
450, 285
456, 292
456, 290
456, 276
456, 285
457, 291
457, 307
468, 318
468, 328
468, 326
477, 337
477, 343
489, 355
489, 338
489, 325
489, 308
469, 319
469, 315
469, 305
469, 310
482, 327
482, 324
482, 316
482, 302
453, 295
453, 298
458, 303
458, 299
460, 301
460, 294
471, 305
471, 314
471, 295
471, 284
458, 301
458, 304
458, 289
458, 278
424, 270
424, 272
424, 257
424, 250
390, 238
390, 237
403, 250
403, 241
403, 224
403, 233
405, 243
405, 246
415, 255
415, 242
415, 225
415, 236
394, 221
394, 240
394, 221
394, 211
353, 199
353, 212
353, 208
353, 198
328, 186
328, 194
328, 177
328, 179
331, 198
331, 189
338, 196
338, 207
350, 219
350, 207
354, 212
354, 212
354, 204
354, 203
355, 213
355, 226
355, 225
355, 225
352, 222
352, 207
361, 217
361, 222
365, 226
365, 212
365, 199
369, 215
369, 234
376, 241
376, 259
396, 279
396, 267
415, 286
415, 275
433, 293
433, 313
443, 323
443, 303
461, 321
461, 306
461, 294
461, 285
445, 290
445, 276
464, 296
464, 302
481, 319
481, 332
481, 321
481, 328
459, 310
459, 316
475, 332
475, 342
492, 360
492, 366
499, 373
499, 372
508, 381
508, 377
508, 367
508, 355
481, 350
481, 339
481, 335
481, 337
492, 350
492, 345
492, 345
492, 339
477, 329
477, 316
494, 333
494, 353
500, 359
500, 370
510, 381
510, 368
510, 356
510, 341
503, 361
503, 370
503, 355
503, 356
480, 347
480, 351
493, 364
493, 376
494, 377
494, 380
512, 397
512, 382
512, 378
521, 391
521, 397
521, 391
521, 375
486, 361
486, 343
486, 342
486, 341
470, 328
470, 316
470, 310
470, 296
469, 315
469, 313
476, 320
476, 314
481, 319
481, 332
489, 340
489, 349
493, 353
493, 334
493, 335
493, 315
494, 334
494, 354
502, 362
502, 364
505, 367
505, 372
505, 357
505, 346
483, 350
483, 352
483, 333
483, 322
439, 308
439, 314
450, 325
450, 342
450, 342
450, 322
413, 305
413, 308
413, 301
413, 288
387, 283
387, 283
400, 295
400, 295
403, 297
403, 312
403, 306
403, 309
400, 309
400, 296
412, 307
412, 297
412, 290
412, 275
388, 274
388, 257
388, 239
390, 258
390, 276
406, 292
406, 309
418, 321
418, 316
437, 336
437, 353
449, 366
449, 347
462, 359
462, 374
462, 371
462, 363
467, 380
467, 385
486, 404
486, 401
491, 406
491, 407
498, 414
498, 402
506, 410
506, 405
506, 389
506, 402
503, 402
503, 389
511, 397
511, 392
525, 406
525, 387
525, 384
525, 379
514, 376
514, 368
531, 385
531, 393
544, 406
544, 419
563, 439
563, 432
575, 444
575, 434
575, 423
575, 418
563, 422
563, 442
580, 460
580, 449
596, 464
596, 473
609, 485
609, 502
612, 505
612, 487
612, 468
612, 460
576, 451
576, 450
576, 448
576, 435
546, 419
546, 402
560, 416
560, 402
568, 409
568, 418
568, 417
568, 407
538, 389
538, 369
541, 372
541, 364
556, 379
556, 360
556, 353
565, 369
565, 369
565, 350
565, 346
546, 351
546, 332
546, 318
546, 301
535, 321
535, 340
544, 349
544, 351
544, 333
544, 324
511, 318
511, 324
521, 334
521, 329
532, 340
532, 340
532, 341
550, 358
550, 352
550, 341
550, 337
554, 357
554, 360
555, 361
555, 374
575, 393
575, 376
575, 358
575, 346
561, 363
561, 375
578, 392
578, 385
578, 386
578, 368
580, 388
580, 376
591, 387
591, 379
594, 382
594, 396
594, 378
594, 389
567, 369
567, 370
580, 383
580, 368
580, 366
580, 358
579, 368
579, 365
579, 363
579, 349
544, 329
544, 331
544, 311
544, 318
518, 305
518, 307
525, 313
525, 313
531, 320
531, 315
531, 302
531, 284
501, 285
501, 296
519, 314
519, 329
537, 348
537, 354
550, 367
550, 373
556, 380
556, 368
561, 372
561, 380
578, 398
578, 379
578, 361
578, 364
550, 351
550, 331
562, 344
562, 326
570, 334
570, 332
570, 313
570, 324
552, 313
552, 308
552, 307
569, 326
569, 331
569, 327
572, 333
572, 331
586, 345
586, 350
586, 339
590, 355
590, 345
590, 346
590, 331
557, 312
557, 302
568, 313
568, 315
568, 310
579, 326
579, 342
582, 345
582, 344
582, 328
582, 316
567, 329
567, 330
567, 329
567, 319
551, 314
551, 300
560, 309
560, 302
560, 292
560, 274
537, 279
537, 289
537, 287
552, 305
552, 291
555, 295
555, 304
555, 296
555, 284
545, 294
545, 312
545, 296
545, 302
544, 311
544, 326
544, 306
544, 290
504, 285
504, 304
505, 306
505, 302
505, 299
505, 294
486, 283
486, 293
486, 279
486, 292
496, 302
496, 292
514, 310
514, 296
520, 302
520, 313
520, 301
520, 289
482, 274
482, 293
483, 295
483, 285
483, 281
495, 297
495, 307
512, 324
512, 321
512, 301
512, 288
497, 305
497, 296
497, 285
497, 275
475, 274
475, 260
477, 262
477, 268
477, 266
482, 273
482, 287
499, 304
499, 307
506, 314
506, 320
512, 327
512, 339
528, 355
528, 343
528, 335
528, 338
513, 328
513, 330
513, 316
513, 308
491, 308
491, 327
491, 309
491, 299
469, 306
469, 287
469, 278
469, 261
429, 247
429, 236
448, 255
448, 272
448, 254
448, 253
442, 266
442, 275
442, 268
442, 262
427, 260
427, 269
437, 280
437, 282
437, 282
452, 297
452, 307
456, 310
456, 311
456, 311
469, 325
469, 312
477, 320
477, 319
477, 307
477, 301
464, 306
464, 288
482, 306
482, 321
482, 320
482, 312
489, 328
489, 342
489, 335
489, 342
476, 329
476, 314
480, 318
480, 311
484, 315
484, 299
484, 289
484, 286
467, 281
467, 295
481, 309
481, 293
498, 310
498, 293
514, 309
514, 295
520, 301
520, 287
533, 299
533, 283
545, 296
545, 286
552, 292
552, 303
552, 294
552, 288
534, 286
534, 289
534, 287
541, 295
541, 289
541, 279
541, 269
536, 284
536, 293
536, 285
536, 291
553, 310
553, 303
570, 320
570, 317
570, 311
570, 314
583, 330
583, 310
589, 317
589, 334
596, 340
596, 351
596, 344
596, 339
597, 352
597, 361
605, 369
605, 354
609, 358
609, 367
609, 352
609, 338
565, 323
565, 325
565, 309
565, 293
523, 283
523, 268
539, 284
539, 282
558, 301
558, 289
558, 274
558, 260
520, 251
520, 251
536, 266
536, 249
552, 265
552, 276
552, 275
571, 295
571, 295
575, 299
575, 281
591, 298
591, 299
591, 285
591, 295
604, 311
604, 321
604, 306
604, 300
596, 313
596, 302
604, 310
604, 304
604, 304
604, 299
586, 286
586, 266
586, 248
586, 234
568, 248
568, 257
577, 267
577, 248
577, 235
580, 251
580, 235
592, 248
592, 259
608, 276
608, 278
620, 289
620, 272
620, 258
620, 259
604, 256
604, 251
607, 254
607, 260
618, 271
618, 272
619, 273
619, 279
638, 298
638, 303
638, 288
638, 296
632, 297
632, 285
632, 270
632, 259
606, 259
606, 261
608, 262
608, 265
608, 251
611, 269
611, 262
611, 257
611, 242
603, 254
603, 273
611, 281
611, 264
626, 279
626, 298
645, 317
645, 313
645, 308
647, 316
647, 312
647, 306
647, 287
636, 300
636, 292
636, 289
636, 275
614, 270
614, 280
614, 273
614, 270
619, 284
619, 304
619, 304
629, 314
629, 326
629, 318
632, 329
632, 316
644, 328
644, 344
644, 332
644, 326
646, 345
646, 341
646, 330
646, 331
634, 329
634, 339
636, 341
636, 355
636, 348
641, 360
641, 348
641, 336
641, 327
617, 323
617, 327
617, 311
617, 323
598, 308
598, 319
598, 305
602, 324
602, 310
615, 324
615, 307
615, 298
621, 313
621, 314
621, 313
621, 311
620, 313
620, 331
636, 346
636, 351
650, 364
650, 382
650, 378
655, 388
655, 368
668, 381
668, 362
668, 356
679, 373
679, 375
699, 395
699, 407
706, 414
706, 411
706, 395
706, 397
690, 395
690, 398
705, 413
705, 397
725, 417
725, 434
726, 436
726, 438
741, 453
741, 470
755, 483
755, 482
768, 496
768, 508
768, 504
768, 485
749, 489
749, 477
749, 473
749, 463
741, 469
741, 482
741, 482
756, 497
756, 482
756, 464
756, 456
740, 467
740, 470
747, 476
747, 480
747, 462
747, 463
710, 443
710, 450
710, 444
719, 459
719, 463
732, 476
732, 469
732, 455
732, 468
729, 466
729, 475
729, 473
729, 467
701, 447
701, 444
713, 456
713, 443
713, 438
722, 451
722, 452
732, 463
732, 463
732, 453
732, 458
712, 442
712, 449
712, 434
712, 438
691, 428
691, 423
710, 442
710, 444
722, 456
722, 453
727, 458
727, 448
742, 463
742, 463
742, 448
742, 443
734, 455
734, 437
734, 435
734, 432
737, 440
737, 436
737, 428
737, 426
712, 410
712, 402
712, 388
712, 392
714, 404
714, 393
719, 398
719, 389
719, 379
719, 374
718, 389
718, 406
731, 418
731, 424
743, 436
743, 451
761, 469
761, 471
761, 461
761, 471
749, 460
749, 463
749, 444
749, 452
743, 457
743, 457
755, 469
755, 455
775, 475
775, 467
775, 450
775, 431
752, 444
752, 444
752, 433
752, 445
751, 444
751, 445
756, 450
756, 437
756, 421
756, 410
746, 427
746, 417
759, 430
759, 414
759, 404
762, 417
762, 398
762, 385
762, 368
719, 355
719, 336
719, 321
719, 307
689, 306
689, 295
706, 312
706, 323
706, 303
706, 318
716, 333
716, 340
716, 322
718, 341
718, 337
718, 329
718, 332
724, 343
724, 362
732, 370
732, 373
749, 390
749, 398
749, 397
749, 392
724, 373
724, 381
724, 364
724, 351
686, 343
686, 343
688, 346
688, 327
688, 321
688, 322
699, 338
699, 319
699, 311
705, 325
705, 316
705, 297
705, 283
680, 291
680, 301
680, 290
680, 276
641, 262
641, 259
641, 258
641, 257
636, 254
636, 274
655, 292
655, 303
655, 286
655, 266
603, 250
603, 268
620, 286
620, 283
620, 282
630, 293
630, 289
630, 288
630, 270
631, 290
631, 273
633, 275
633, 276
653, 296
653, 311
653, 304
653, 294
654, 312
654, 307
673, 325
673, 323
673, 305
673, 289
645, 295
645, 311
645, 297
645, 287
621, 287
621, 271
621, 260
621, 265
612, 262
612, 273
620, 282
620, 288
620, 289
620, 278
600, 268
600, 275
618, 293
618, 304
636, 323
636, 330
642, 335
642, 339
642, 335
646, 343
646, 335
656, 344
656, 342
673, 360
673, 362
673, 347
673, 342
638, 327
638, 320
638, 308
638, 301
624, 306
624, 316
624, 299
626, 318
626, 315
626, 305
626, 300
605, 293
605, 297
622, 314
622, 302
622, 287
622, 287
594, 274
594, 272
594, 261
594, 257
577, 256
577, 237
577, 222
577, 221
547, 207
547, 217
559, 229
559, 242
559, 239
559, 230
543, 226
543, 235
543, 226
545, 237
545, 256
564, 276
564, 258
564, 244
566, 260
566, 240
566, 235
566, 219
549, 224
549, 215
549, 200
549, 181
502, 168
502, 167
510, 175
510, 155
510, 142
510, 131
478, 122
478, 113
478, 100
478, 93
474, 109
474, 120
474, 116
474, 118
458, 104
458, 100
458, 99
461, 103
461, 113
476, 128
476, 116
476, 117
481, 122
481, 127
487, 133
487, 137
487, 125
487, 126
474, 124
474, 118
494, 138
494, 127
512, 145
512, 135
518, 142
518, 141
530, 153
530, 138
542, 150
542, 132
560, 150
560, 130
560, 127
560, 125
546, 116
546, 130
550, 134
550, 147
550, 128
550, 139
546, 143
546, 132
559, 145
559, 148
571, 159
571, 168
577, 174
577, 166
577, 156
577, 154
567, 156
567, 157
567, 153
578, 168
578, 153
578, 134
578, 141
545, 121
545, 133
545, 116
548, 135
548, 144
561, 157
561, 159
562, 160
562, 153
569, 160
569, 164
569, 164
569, 144
560, 155
560, 160
560, 150
560, 139
553, 154
553, 135
553, 132
563, 144
563, 157
563, 148
563, 136
527, 121
527, 132
527, 119
530, 135
530, 132
544, 147
544, 152
558, 165
558, 170
574, 186
574, 186
574, 184
574, 176
583, 195
583, 186
587, 190
587, 180
587, 181
587, 178
588, 181
588, 185
590, 187
590, 175
608, 193
608, 183
615, 191
615, 186
631, 201
631, 209
631, 193
631, 200
637, 215
637, 213
647, 223
647, 240
663, 257
663, 244
663, 224
663, 204
611, 192
611, 211
611, 204
611, 198
594, 194
594, 212
606, 224
606, 233
619, 246
619, 236
630, 247
630, 233
638, 242
638, 229
641, 232
641, 233
641, 223
647, 239
647, 249
647, 231
647, 237
647, 249
647, 241
647, 222
647, 211
606, 200
606, 196
607, 198
607, 204
607, 190
607, 187
593, 189
593, 195
593, 177
593, 187
589, 192
589, 201
589, 198
589, 200
573, 185
573, 171
589, 187
589, 171
603, 184
603, 169
613, 180
613, 178
613, 169
619, 184
619, 180
619, 177
619, 176
625, 187
625, 196
625, 179
627, 198
627, 194
635, 202
635, 215
635, 213
635, 205
641, 221
641, 209
641, 193
641, 203
645, 213
645, 227
652, 233
652, 222
652, 215
652, 205
648, 218
648, 217
666, 235
666, 234
666, 217
666, 216
642, 210
642, 192
642, 193
660, 210
660, 229
660, 224
660, 230
657, 226
657, 221
674, 239
674, 226
682, 235
682, 250
693, 260
693, 273
693, 261
693, 260
695, 275
695, 289
712, 306
712, 295
732, 315
732, 300
732, 291
736, 305
736, 290
736, 291
736, 289
734, 287
734, 272
734, 266
734, 258
737, 275
737, 272
737, 253
737, 245
699, 233
699, 236
709, 246
709, 230
709, 223
709, 225
718, 239
718, 235
718, 224
718, 214
688, 205
688, 216
700, 227
700, 231
712, 243
712, 234
712, 223
712, 224
719, 241
719, 223
739, 243
739, 233
739, 228
739, 212
713, 207
713, 217
724, 228
724, 229
726, 230
726, 250
726, 250
729, 254
729, 245
737, 253
737, 272
748, 283
748, 294
756, 303
756, 318
756, 316
763, 325
763, 310
772, 319
772, 339
779, 346
779, 344
779, 344
788, 353
788, 354
788, 338
788, 345
768, 334
768, 345
768, 341
768, 325
750, 327
750, 332
750, 317
750, 312
737, 318
737, 306
743, 312
743, 304
756, 316
756, 334
756, 331
768, 346
768, 338
783, 353
783, 335
800, 352
800, 358
800, 340
800, 355
812, 370
812, 390
812, 379
812, 388
829, 407
829, 419
840, 430
840, 450
851, 461
851, 443
851, 429
851, 412
826, 417
826, 427
842, 444
842, 434
842, 426
842, 417
808, 400
808, 418
825, 435
825, 452
841, 468
841, 449
859, 466
859, 453
874, 468
874, 449
886, 461
886, 455
891, 460
891, 459
896, 464
896, 451
896, 443
896, 435
861, 416
861, 415
861, 401
861, 389
826, 379
826, 368
844, 387
844, 404
844, 392
850, 411
850, 394
863, 406
863, 425
863, 425
863, 421
874, 436
874, 450
886, 463
886, 480
895, 489
895, 486
895, 473
895, 474
883, 474
883, 468
899, 484
899, 492
899, 480
899, 473
865, 458
865, 451
885, 470
885, 488
885, 481
885, 482
885, 488
885, 495
890, 500
890, 513
890, 499
890, 480
851, 474
851, 468
851, 465
851, 445
836, 453
836, 461
838, 463
838, 472
838, 471
850, 484
850, 487
861, 498
861, 487
871, 497
871, 515
889, 532
889, 527
900, 537
900, 543
900, 542
907, 550
907, 540
907, 531
907, 514
872, 505
872, 506
892, 526
892, 545
892, 534
892, 523
874, 528
874, 546
885, 556
885, 547
903, 565
903, 566
903, 557
903, 553
885, 547
885, 550
885, 544
889, 554
889, 547
889, 542
889, 544
878, 536
878, 556
896, 573
896, 563
896, 547
896, 530
854, 521
854, 503
854, 492
854, 487
823, 472
823, 484
823, 466
823, 467
819, 479
819, 469
819, 458
819, 458
788, 439
788, 427
795, 433
795, 450
795, 448
797, 452
797, 459
802, 463
802, 466
817, 481
817, 474
817, 474
817, 456
819, 476
819, 488
821, 489
821, 492
821, 481
828, 499
828, 513
833, 519
833, 516
850, 534
850, 553
850, 544
850, 551
846, 549
846, 558
855, 567
855, 560
855, 559
869, 574
869, 592
873, 597
873, 587
873, 574
877, 591
877, 590
882, 596
882, 585
882, 576
882, 584
884, 586
884, 598
892, 607
892, 611
892, 608
892, 606
890, 609
890, 613
890, 604
890, 591
875, 598
875, 607
886, 618
886, 615
886, 612
893, 622
893, 625
896, 628
896, 641
913, 657
913, 657
914, 658
914, 641
930, 657
930, 643
946, 658
946, 672
960, 686
960, 691
979, 711
979, 707
982, 710
982, 699
997, 714
997, 727
1007, 737
1007, 740
1019, 752
1019, 768
1035, 784
1035, 788
1052, 805
1052, 786
1052, 785
1052, 767
1048, 782
1048, 788
1056, 796
1056, 812
1056, 797
1056, 785
1025, 781
1025, 800
1043, 817
1043, 821
1055, 833
1055, 818
1059, 822
1059, 817
1073, 831
1073, 829
1073, 827
1083, 839
1083, 843
1086, 846
1086, 828
1086, 813
1086, 815
1060, 802
1060, 812
1060, 809
1060, 797
1046, 798
1046, 786
1063, 803
1063, 821
1063, 810
1063, 798
1048, 806
1048, 811
1048, 802
1048, 783
1020, 783
1020, 794
1024, 797
1024, 807
1024, 794
1030, 813
1030, 811
1040, 821
1040, 828
1040, 814
1040, 816
1039, 827
1039, 827
1052, 840
1052, 852
1067, 867
1067, 886
1067, 878
1073, 892
1073, 900
1075, 902
1075, 895
1075, 894
1075, 879
1064, 884
1064, 887
1064, 878
1064, 868
1030, 853
1030, 845
1039, 854
1039, 845
1044, 850
1044, 852
1050, 858
1050, 854
1056, 860
1056, 852
1066, 862
1066, 874
1072, 881
1072, 896
1089, 912
1089, 931
1089, 919
1089, 927
1068, 910
1068, 927
1079, 938
1079, 957
1097, 976
1097, 992
1097, 991
1097, 1008
1097, 999
1097, 1014
1097, 1022
1097, 1022
1097, 1014
1097, 1021
1097, 1024
1097, 1021
1097, 1024
1097, 1009
1097, 1004
1097, 1004
1097, 992
1097, 981
1107, 990
1107, 1002
1107, 1015
1107, 999
1107, 982
1109, 984
1109, 992
1109, 980
1114, 997
1114, 1009
1114, 1009
1114, 1001
1111, 999
1111, 987
1130, 1006
1130, 990
1138, 998
1138, 1005
1138, 991
1138, 1005
1142, 1009
1142, 1028
1142, 1041
1142, 1050
1142, 1055
1142, 1061
1142, 1074
1142, 1072
1142, 1078
1142, 1070
1142, 1081
1142, 1096
1142, 1110
1142, 1109
1142, 1110
1142, 1104
1142, 1091
1142, 1108
1142, 1113
1142, 1132
1142, 1125
1142, 1135
1142, 1133
1142, 1123
1142, 1109
1142, 1123
1142, 1116
1142, 1114
1142, 1096
1142, 1090
1142, 1076
1142, 1084
1142, 1095
1142, 1108
1142, 1105
1142, 1089
1142, 1081
1142, 1067
1142, 1063
1142, 1078
1142, 1070
1142, 1062
1142, 1061
1142, 1070
1142, 1052
1142, 1054
1142, 1050
1142, 1058
1142, 1053
1142, 1059
1142, 1046
1142, 1029
1142, 1042
1142, 1055
1142, 1074
1142, 1064
1142, 1052
1142, 1043
1142, 1033
1142, 1035
1142, 1026
1134, 1018
1134, 1035
1134, 1035
1134, 1054
1134, 1039
1134, 1044
1134, 1051
1134, 1063
1134, 1047
1134, 1031
1134, 1021
1134, 1033
1134, 1036
1134, 1020
1141, 1027
1141, 1017
1141, 1006
1144, 1020
1144, 1029
1145, 1030
1145, 1047
1145, 1049
1145, 1053
1145, 1052
1145, 1033
1145, 1041
1145, 1049
1145, 1069
1145, 1054
1145, 1074
1145, 1060
1145, 1061
1145, 1080
1145, 1077
1145, 1096
1145, 1099
1145, 1104
1145, 1093
1145, 1106
1145, 1087
1145, 1093
1145, 1078
1145, 1096
1145, 1090
1145, 1101
1145, 1109
1145, 1097
1145, 1088
1145, 1098
1145, 1102
1145, 1099
1145, 1117
1145, 1100
1145, 1091
1145, 1097
1145, 1081
1145, 1062
1145, 1057
1145, 1069
1145, 1075
1145, 1064
1145, 1078
1145, 1074
1145, 1060
1145, 1071
1145, 1058
1145, 1077
1145, 1083
1145, 1097
1145, 1116
1145, 1130
1145, 1113
1145, 1100
1145, 1089
1145, 1090
1145, 1100
1145, 1119
1145, 1103
1145, 1114
1145, 1106
1145, 1107
1145, 1125
1145, 1129
1145, 1120
1145, 1111
1145, 1117
1145, 1106
1145, 1089
1145, 1094
1145, 1085
1145, 1069
1145, 1074
1145, 1066
1145, 1078
1145, 1086
1145, 1085
1145, 1102
1145, 1117
1145, 1114
1145, 1122
1145, 1115
1145, 1125
1145, 1117
1145, 1110
1145, 1123
1145, 1109
1145, 1119
1145, 1128
1145, 1117
1145, 1127
1145, 1110
1145, 1123
1145, 1139
1145, 1122
1145, 1106
1145, 1123
1145, 1124
1145, 1138
1145, 1148
1145, 1134
1145, 1120
1145, 1113
1145, 1111
1145, 1116
1145, 1132
1145, 1134
1145, 1137
1145, 1121
1145, 1132
1145, 1121
1145, 1107
1145, 1108
1145, 1088
1145, 1070
1145, 1066
1145, 1074
1145, 1061
1145, 1050
1145, 1047
1145, 1036
1145, 1020
1159, 1033
1159, 1049
1159, 1065
1159, 1084
1159, 1071
1159, 1086
1159, 1073
1159, 1055
1159, 1040
1170, 1051
1170, 1051
1170, 1038
1170, 1042
1154, 1035
1154, 1019
1165, 1031
1165, 1026
1178, 1039
1178, 1027
1182, 1031
1182, 1028
1195, 1041
1195, 1034
1195, 1016
1195, 1027
1176, 1014
1176, 1006
1189, 1019
1189, 1009
1200, 1020
1200, 1018
1207, 1025
1207, 1033
1207, 1024
1207, 1006
1164, 990
1164, 976
1164, 974
1176, 988
1176, 984
1176, 981
1176, 964
1168, 976
1168, 968
1168, 950
1170, 970
1170, 987
1173, 990
1173, 990
1173, 982
1173, 966
1144, 961
1144, 953
1153, 963
1153, 971
1153, 962
1158, 976
1158, 975
1158, 964
1158, 955
1147, 963
1147, 959
1147, 957
1160, 972
1160, 988
1160, 979
1160, 972
1140, 969
1140, 963
1157, 980
1157, 995
1157, 981
1157, 990
1138, 975
1138, 988
1138, 975
1138, 966
1098, 949
1098, 965
1098, 951
1098, 934
1080, 947
1080, 959
1093, 971
1093, 990
1093, 978
1093, 967
1099, 984
1099, 968
1108, 977
1108, 984
1114, 991
1114, 973
1114, 965
1114, 968
1119, 977
1119, 987
1119, 988
1119, 975
1091, 959
1091, 942
1091, 941
1091, 922
1077, 928
1077, 943
1077, 926
1077, 943
1092, 958
1092, 939
1092, 931
1092, 938
1087, 934
1087, 947
1087, 944
1087, 934
1094, 954
1094, 941
1094, 929
1094, 937
1093, 939
1093, 924
1093, 915
1095, 925
1095, 918
1110, 934
1110, 954
1115, 959
1115, 962
1124, 971
1124, 957
1124, 950
1124, 952
1118, 951
1118, 939
1118, 920
1118, 931
1110, 931
1110, 921
1112, 923
1112, 911
1112, 898
1112, 897
1117, 916
1117, 918
1117, 918
1118, 919
1118, 929
1130, 940
1130, 925
1130, 912
1130, 899
1104, 899
1104, 884
1104, 877
1104, 875
1094, 874
1094, 863
1097, 866
1097, 884
1097, 872
1097, 874
1096, 884
1096, 871
1105, 880
1105, 875
1110, 879
1110, 868
1110, 863
1110, 853
1107, 865
1107, 855
1107, 850
1109, 857
1109, 855
1126, 872
1126, 888
1126, 882
1131, 893
1131, 877
1131, 876
1138, 884
1138, 899
1152, 913
1152, 907
1152, 889
1152, 898
1159, 913
1159, 926
1159, 910
1159, 910
1161, 928
1161, 941
1164, 944
1164, 933
1164, 923
1164, 910
1140, 909
1140, 928
1140, 923
1140, 907
1138, 925
1138, 909
1138, 908
1152, 923
1152, 907
1152, 904
1161, 916
1161, 934
1161, 926
1161, 915
1140, 913
1140, 930
1148, 939
1148, 924
1148, 916
1148, 916
1140, 916
1140, 896
1140, 892
1152, 908
1152, 923
1152, 914
1152, 899
1135, 906
1135, 924
1135, 914
1135, 910
1138, 927
1138, 946
1138, 931
1138, 939
1124, 931
1124, 947
1136, 959
1136, 951
1136, 931
1136, 921
1111, 926
1111, 934
1120, 943
1120, 960
1128, 968
1128, 954
1128, 937
1128, 944
1127, 954
1127, 956
1135, 964
1135, 965
1141, 971
1141, 971
1141, 970
1147, 977
1147, 986
1154, 992
1154, 973
1160, 980
1160, 967
1160, 964
1160, 948
1128, 935
1128, 954
1128, 945
1139, 964
1139, 984
1139, 977
1139, 975
1117, 963
1117, 980
1126, 989
1126, 993
1126, 980
1126, 982
1125, 992
1125, 973
1125, 974
1125, 958
1119, 968
1119, 958
1133, 972
1133, 960
1133, 947
1133, 961
1123, 950
1123, 966
1123, 963
1140, 983
1140, 981
1140, 977
1140, 966
1127, 969
1127, 972
1127, 955
1127, 960
1106, 950
1106, 966
1109, 969
1109, 976
1125, 992
1125, 990
1131, 996
1131, 989
1149, 1008
1149, 1012
1155, 1018
1155, 1021
1155, 1013
1166, 1032
1166, 1032
1166, 1024
1166, 1023
1164, 1030
1164, 1036
1164, 1024
1169, 1041
1169, 1034
1169, 1024
1169, 1030
1158, 1023
1158, 1023
1158, 1013
1158, 1005
1133, 997
1133, 1001
1133, 982
1133, 962
1086, 954
1086, 961
1086, 960
1086, 940
1045, 921
1045, 934
1045, 933
1045, 934
1055, 944
1055, 930
1055, 927
1055, 926
1061, 935
1061, 921
1079, 939
1079, 925
1096, 942
1096, 951
1107, 962
1107, 962
1112, 966
1112, 957
1112, 951
1117, 962
1117, 977
1117, 966
1117, 948
1102, 961
1102, 964
1115, 977
1115, 978
1115, 973
1115, 961
1116, 979
1116, 973
1122, 980
1122, 970
1122, 964
1124, 971
1124, 957
1138, 971
1138, 991
1140, 992
1140, 1012
1140, 992
1140, 992
1101, 973
1101, 960
1101, 945
1105, 964
1105, 949
1124, 968
1124, 969
1136, 980
1136, 996
1136, 985
1136, 996
1155, 1016
1155, 1031
1163, 1039
1163, 1054
1163, 1036
1168, 1041
1168, 1047
1168, 1043
1168, 1033
1161, 1040
1161, 1020
1161, 1013
1161, 1008
1167, 1026
1167, 1037
1186, 1056
1186, 1062
1193, 1070
1193, 1058
1196, 1061
1196, 1073
1205, 1082
1205, 1082
1205, 1066
1205, 1068
1194, 1072
1194, 1070
1194, 1059
1194, 1068
1204, 1081
1204, 1093
1204, 1090
1204, 1088
1204, 1093
1204, 1097
1204, 1110
1204, 1120
1204, 1134
1204, 1128
1204, 1140
1204, 1122
1204, 1135
1204, 1130
1204, 1148
1204, 1147
1204, 1137
1204, 1128
1204, 1117
1204, 1102
1204, 1109
1204, 1090
1204, 1074
1223, 1093
1223, 1111
1223, 1114
1223, 1094
1208, 1080
1208, 1093
1208, 1107
1208, 1108
1208, 1126
1208, 1136
1208, 1154
1208, 1172
1208, 1191
1208, 1197
1208, 1178
1208, 1174
1208, 1169
1208, 1171
1208, 1166
1208, 1151
1208, 1148
1208, 1138
1208, 1151
1208, 1139
1208, 1138
1208, 1144
1208, 1126
1208, 1118
1208, 1118
1208, 1126
1208, 1109
1208, 1118
1208, 1107
1208, 1096
1208, 1103
1208, 1122
1208, 1112
1208, 1111
1208, 1100
1208, 1119
1208, 1116
1208, 1101
1208, 1116
1208, 1118
1208, 1128
1208, 1109
1208, 1108
1208, 1105
1208, 1112
1208, 1126
1208, 1138
1208, 1119
1208, 1123
1208, 1136
1208, 1122
1208, 1110
1208, 1090
1208, 1075
1191, 1057
1191, 1040
1211, 1060
1211, 1067
1211, 1048
1211, 1036
1185, 1041
1185, 1060
1200, 1076
1200, 1086
1200, 1077
1219, 1095
1219, 1108
1219, 1117
1219, 1108
1219, 1088
1205, 1074
1205, 1080
1217, 1092
1217, 1082
1229, 1094
1229, 1100
1233, 1104
1233, 1124
1233, 1116
1233, 1135
1233, 1151
1233, 1146
1233, 1127
1233, 1115
1233, 1119
1233, 1113
1233, 1095
1224, 1085
1224, 1076
1224, 1059
1224, 1074
1242, 1094
1242, 1087
1251, 1096
1251, 1115
1251, 1105
1251, 1097
1233, 1098
1233, 1087
1245, 1099
1245, 1085
1245, 1081
1249, 1089
1249, 1075
1250, 1077
1250, 1077
1262, 1089
1262, 1087
1262, 1082
1265, 1090
1265, 1101
1265, 1095
1276, 1113
1276, 1122
1276, 1119
1276, 1106
1243, 1089
1243, 1090
1243, 1088
1243, 1070
1219, 1066
1219, 1077
1221, 1079
1221, 1089
1230, 1099
1230, 1102
1247, 1118
1247, 1119
1260, 1132
1260, 1133
1263, 1136
1263, 1127
1263, 1127
1263, 1125
1275, 1138
1275, 1149
1275, 1132
1280, 1137
1280, 1136
1299, 1154
1299, 1143
1305, 1149
1305, 1160
1305, 1155
1305, 1151
1313, 1168
1313, 1148
1316, 1150
1316, 1143
1316, 1143
1325, 1152
1325, 1165
1325, 1147
1325, 1155
1332, 1172
1332, 1188
1332, 1182
1340, 1197
1340, 1183
1354, 1197
1354, 1185
1354, 1174
1354, 1175
1344, 1175
1344, 1181
1353, 1189
1353, 1207
1372, 1227
1372, 1219
1381, 1228
1381, 1223
1401, 1243
1401, 1251
1401, 1242
1401, 1250
1400, 1250
1400, 1234
1409, 1244
1409, 1239
1409, 1229
1409, 1225
1388, 1217
1388, 1198
1391, 1201
1391, 1210
1400, 1219
1400, 1234
1400, 1232
1412, 1246
1412, 1239
1425, 1252
1425, 1233
1425, 1219
1425, 1218
1394, 1202
1394, 1218
1394, 1201
1394, 1206
1374, 1198
1374, 1208
1386, 1220
1386, 1208
1386, 1195
1388, 1210
1388, 1207
1388, 1205
1388, 1190
1375, 1194
1375, 1177
1375, 1160
1375, 1169
1377, 1178
1377, 1186
1392, 1202
1392, 1217
1392, 1206
1392, 1215
1382, 1207
1382, 1227
1391, 1235
1391, 1251
1391, 1235
1391, 1224
1359, 1218
1359, 1225
1359, 1218
1366, 1226
1366, 1231
1366, 1250
1366, 1241
1366, 1233
1366, 1232
1366, 1251
1366, 1262
1366, 1259
1366, 1276
1366, 1290
1366, 1275
1366, 1294
1366, 1308
1366, 1321
1366, 1317
1366, 1335
1366, 1352
1366, 1358
1366, 1362
1366, 1382
1366, 1376
1366, 1395
1366, 1394
1366, 1382
1366, 1385
1366, 1386
1366, 1395
1366, 1414
1366, 1410
1366, 1392
1366, 1375
1366, 1357
1366, 1342
1366, 1337
1366, 1320
1366, 1340
1366, 1333
1366, 1350
1366, 1341
1366, 1336
1366, 1327
1366, 1323
1366, 1342
1366, 1332
1366, 1331
1366, 1335
1366, 1317
1366, 1309
1366, 1300
1366, 1316
1366, 1298
1366, 1295
1366, 1283
1366, 1298
1366, 1291
1366, 1284
1366, 1272
1366, 1266
1366, 1265
1366, 1266
1366, 1276
1366, 1264
1366, 1253
1366, 1247
1366, 1266
1366, 1250
1366, 1240
1366, 1227
1382, 1243
1382, 1250
1382, 1237
1401, 1256
1401, 1238
1401, 1224
1401, 1217
1396, 1234
1396, 1245
1396, 1227
1396, 1218
1376, 1224
1376, 1230
1376, 1211
1376, 1198
1357, 1211
1357, 1224
1357, 1220
1365, 1228
1365, 1244
1365, 1252
1365, 1265
1365, 1267
1365, 1252
1365, 1262
1365, 1269
1365, 1258
1365, 1253
1365, 1250
1365, 1251
1365, 1256
1365, 1264
1365, 1271
1365, 1282
1365, 1271
1365, 1252
1365, 1260
1365, 1247
1365, 1234
1365, 1239
1365, 1252
1365, 1265
1365, 1280
1365, 1297
1365, 1313
1365, 1320
1365, 1314
1365, 1324
1365, 1334
1365, 1340
1365, 1331
1365, 1330
1365, 1327
1365, 1323
1365, 1307
1365, 1323
1365, 1336
1365, 1351
1365, 1365
1365, 1379
1365, 1367
1365, 1364
1365, 1382
1365, 1402
1365, 1403
1365, 1406
1365, 1404
1365, 1424
1365, 1411
1365, 1402
1365, 1388
1365, 1383
1365, 1375
1365, 1385
1365, 1396
1365, 1391
1365, 1389
1365, 1383
1365, 1372
1365, 1373
1365, 1377
1365, 1368
1365, 1357
1365, 1340
1365, 1351
1365, 1334
1365, 1319
1365, 1302
1365, 1289
1365, 1294
1365, 1304
1365, 1310
1365, 1313
1365, 1304
1365, 1302
1365, 1284
1365, 1288
1365, 1285
1365, 1296
1365, 1280
1365, 1270
1365, 1275
1365, 1267
1365, 1269
1365, 1283
1365, 1283
1365, 1271
1365, 1269
1365, 1275
1365, 1267
1365, 1249
1365, 1239
1365, 1231
1365, 1231
1365, 1249
1365, 1247
1365, 1246
1365, 1227
1346, 1208
1346, 1203
1346, 1194
1346, 1184
1336, 1193
1336, 1186
1342, 1192
1342, 1193
1346, 1197
1346, 1211
1346, 1210
1352, 1217
1352, 1234
1352, 1223
1352, 1232
1352, 1249
1352, 1265
1352, 1251
1352, 1236
1352, 1226
1352, 1215
1349, 1212
1349, 1219
1349, 1235
1349, 1254
1349, 1235
1349, 1240
1349, 1252
1349, 1272
1349, 1265
1349, 1276
1349, 1294
1349, 1304
1349, 1298
1349, 1279
1349, 1288
1349, 1287
1349, 1287
1349, 1271
1349, 1286
1349, 1296
1349, 1282
1349, 1283
1349, 1269
1349, 1283
1349, 1270
1349, 1280
1349, 1285
1349, 1301
1349, 1301
1349, 1295
1349, 1283
1349, 1271
1349, 1257
1349, 1250
1349, 1240
1349, 1250
1349, 1268
1349, 1284
1349, 1287
1349, 1288
1349, 1277
1349, 1273
1349, 1259
1349, 1276
1349, 1257
1349, 1256
1349, 1262
1349, 1264
1349, 1280
1349, 1274
1349, 1260
1349, 1262
1349, 1257
1349, 1271
1349, 1284
1349, 1281
1349, 1280
1349, 1287
1349, 1285
1349, 1295
1349, 1276
1349, 1275
1349, 1283
1349, 1272
1349, 1280
1349, 1290
1349, 1274
1349, 1268
1349, 1276
1349, 1277
1349, 1261
1349, 1274
1349, 1278
1349, 1297
1349, 1313
1349, 1322
1349, 1318
1349, 1326
1349, 1332
1349, 1345
1349, 1362
1349, 1382
1349, 1395
1349, 1384
1349, 1397
1349, 1382
1349, 1398
1349, 1410
1349, 1394
1349, 1382
1349, 1400
1349, 1416
1349, 1407
1349, 1424
1349, 1435
1349, 1437
1349, 1426
1349, 1415
1349, 1429
1349, 1413
1349, 1416
1349, 1414
1349, 1423
1349, 1418
1349, 1419
1349, 1409
1349, 1403
1349, 1421
1349, 1422
1349, 1440
1349, 1457
1349, 1445
1349, 1437
1349, 1438
1349, 1437
1349, 1442
1349, 1442
1349, 1457
1349, 1450
1349, 1435
1349, 1440
1349, 1433
1349, 1429
1349, 1414
1349, 1407
1349, 1392
1349, 1376
1349, 1380
1349, 1373
1349, 1384
1349, 1380
1349, 1363
1349, 1347
1349, 1328
1349, 1330
1349, 1350
1349, 1352
1349, 1341
1349, 1352
1349, 1335
1349, 1342
1349, 1344
1349, 1341
1349, 1356
1349, 1349
1349, 1338
1349, 1335
1349, 1337
1349, 1335
1349, 1344
1349, 1350
1349, 1343
1349, 1343
1349, 1342
1349, 1325
1349, 1310
1349, 1301
1349, 1305
1349, 1323
1349, 1335
1349, 1330
1349, 1324
1349, 1344
1349, 1364
1349, 1381
1349, 1375
1349, 1389
1349, 1380
1349, 1386
1349, 1389
1349, 1384
1349, 1396
1349, 1415
1349, 1395
1349, 1379
1349, 1384
1349, 1378
1349, 1393
1349, 1404
1349, 1415
1349, 1424
1349, 1412
1349, 1430
1349, 1430
1349, 1413
1349, 1416
1349, 1408
1349, 1397
1349, 1396
1349, 1382
1349, 1367
1349, 1372
1349, 1379
1349, 1391
1349, 1404
1349, 1399
1349, 1414
1349, 1432
1349, 1447
1349, 1446
1349, 1459
1349, 1446
1349, 1466
1349, 1463
1349, 1460
1349, 1461
1349, 1451
1349, 1461
1349, 1452
1349, 1454
1349, 1463
1349, 1455
1349, 1449
1349, 1457
1349, 1445
1349, 1442
1349, 1424
1349, 1420
1349, 1402
1349, 1412
1349, 1422
1349, 1407
1349, 1388
1349, 1397
1349, 1389
1349, 1407
1349, 1409
1349, 1392
1349, 1396
1349, 1399
1349, 1419
1349, 1430
1349, 1433
1349, 1437
1349, 1450
1349, 1463
1349, 1443
1349, 1463
1349, 1445
1349, 1456
1349, 1458
1349, 1453
1349, 1434
1349, 1449
1349, 1447
1349, 1448
1349, 1468
1349, 1476
1349, 1459
1349, 1446
1349, 1426
1349, 1414
1349, 1406
1349, 1411
1349, 1403
1349, 1398
1349, 1384
1349, 1373
1349, 1372
1349, 1356
1349, 1359
1349, 1344
1349, 1355
1349, 1350
1349, 1353
1349, 1344
1349, 1353
1349, 1346
1349, 1361
1349, 1344
1349, 1329
1349, 1346
1349, 1330
1349, 1350
1349, 1334
1349, 1340
1349, 1335
1349, 1320
1349, 1322
1349, 1323
1349, 1321
1349, 1314
1349, 1325
1349, 1307
1349, 1315
1349, 1333
1349, 1324
1349, 1331
1349, 1340
1349, 1322
1349, 1329
1349, 1312
1349, 1299
1349, 1310
1349, 1324
1349, 1312
1349, 1294
1349, 1301
1349, 1319
1349, 1334
1349, 1347
1349, 1366
1349, 1376
1349, 1363
1349, 1377
1349, 1389
1349, 1385
1349, 1385
1349, 1369
1349, 1387
1349, 1404
1349, 1388
1349, 1381
1349, 1387
1349, 1375
1349, 1368
1349, 1359
1349, 1366
1349, 1382
1349, 1369
1349, 1366
1349, 1365
1349, 1377
1349, 1390
1349, 1406
1349, 1416
1349, 1428
1349, 1439
1349, 1449
1349, 1439
1349, 1453
1349, 1451
1349, 1470
1349, 1489
1349, 1483
1349, 1477
1349, 1473
1349, 1455
1349, 1470
1349, 1484
1349, 1503
1349, 1508
1349, 1521
1349, 1531
1349, 1520
1349, 1508
1349, 1527
1349, 1523
1349, 1522
1349, 1521
1349, 1524
1349, 1533
1349, 1516
1349, 1519
1349, 1518
1349, 1507
1349, 1514
1349, 1533
1349, 1552
1349, 1563
1349, 1582
1349, 1600
1349, 1620
1349, 1632
1349, 1619
1349, 1616
1349, 1602
1349, 1622
1349, 1635
1349, 1640
1349, 1647
1349, 1666
1349, 1671
1349, 1682
1349, 1671
1349, 1661
1349, 1667
1349, 1658
1349, 1676
1349, 1694
1349, 1677
1349, 1694
1349, 1681
1349, 1664
1349, 1683
1349, 1671
1349, 1655
1349, 1656
1349, 1670
1349, 1672
1349, 1684
1349, 1693
1349, 1699
1349, 1712
1349, 1730
1349, 1718
1349, 1714
1349, 1705
1349, 1710
1349, 1704
1349, 1712
1349, 1713
1349, 1708
1349, 1706
1349, 1711
1349, 1694
1349, 1700
1349, 1705
1349, 1705
1349, 1721
1349, 1703
1349, 1722
1349, 1706
1349, 1713
1349, 1728
1349, 1714
1349, 1697
1349, 1680
1349, 1687
1349, 1686
1349, 1699
1349, 1704
1349, 1720
1349, 1704
1349, 1705
1349, 1689
1349, 1693
1349, 1695
1349, 1714
1349, 1708
1349, 1702
1349, 1684
1349, 1700
1349, 1702
1349, 1692
1349, 1704
1349, 1721
1349, 1741
1349, 1739
1349, 1720
1349, 1706
1349, 1717
1349, 1734
1349, 1739
1349, 1731
1349, 1743
1349, 1759
1349, 1761
1349, 1764
1349, 1769
1349, 1771
1349, 1775
1349, 1784
1349, 1779
1349, 1780
1349, 1767
1349, 1755
1349, 1760
1349, 1773
1349, 1785
1349, 1772
1349, 1775
1349, 1774
1349, 1794
1349, 1797
1349, 1804
1349, 1822
1349, 1814
1349, 1826
1349, 1838
1349, 1836
1349, 1824
1349, 1809
1349, 1802
1349, 1791
1349, 1801
1349, 1806
1349, 1790
1349, 1803
1349, 1787
1349, 1782
1349, 1779
1349, 1786
1349, 1798
1349, 1789
1349, 1804
1349, 1786
1349, 1782
1349, 1773
1349, 1779
1349, 1797
1349, 1804
1349, 1821
1349, 1801
1349, 1806
1349, 1803
1349, 1808
1349, 1825
1349, 1825
1349, 1806
1349, 1798
1349, 1798
1349, 1799
1349, 1791
1349, 1786
1349, 1803
1349, 1811
1349, 1826
1349, 1816
1349, 1823
1349, 1842
1349, 1846
1349, 1857
1349, 1843
1349, 1850
1349, 1835
1349, 1834
1349, 1839
1349, 1845
1349, 1847
1349, 1855
1349, 1874
1349, 1875
1349, 1867
1349, 1864
1349, 1862
1349, 1861
1349, 1843
1349, 1831
1349, 1845
1349, 1862
1349, 1867
1349, 1856
1349, 1841
1349, 1847
1349, 1842
1349, 1834
1349, 1835
1349, 1844
1349, 1840
1349, 1828
1349, 1831
1349, 1846
1349, 1847
1349, 1860
1349, 1859
1349, 1864
1349, 1846
1349, 1865
1349, 1882
1349, 1892
1349, 1909
1349, 1914
1349, 1900
1349, 1882
1349, 1899
1349, 1912
1349, 1903
1349, 1895
1349, 1883
1349, 1895
1349, 1888
1349, 1900
1349, 1900
1349, 1913
1349, 1902
1349, 1908
1349, 1928
1349, 1928
1349, 1921
1349, 1911
1349, 1928
1349, 1943
1349, 1937
1349, 1938
1349, 1940
1349, 1957
1349, 1970
1349, 1969
1349, 1968
1349, 1973
1349, 1991
1349, 1981
1349, 1968
1349, 1966
1349, 1970
1349, 1956
1349, 1962
1349, 1949
1349, 1942
1349, 1923
1349, 1940
1349, 1943
1349, 1952
1349, 1948
1349, 1945
1349, 1927
1349, 1944
1349, 1957
1349, 1957
1349, 1949
1349, 1949
1349, 1968
1349, 1958
1349, 1947
1349, 1947
1349, 1955
1349, 1956
1349, 1942
1349, 1960
1349, 1946
1349, 1957
1349, 1951
1349, 1949
1349, 1935
1349, 1931
1349, 1924
1349, 1938
1349, 1954
1349, 1967
1349, 1969
1349, 1968
1349, 1977
1349, 1972
1349, 1977
1349, 1958
1349, 1947
1349, 1946
1349, 1934
1349, 1932
1349, 1952
1349, 1960
1349, 1977
1349, 1968
1349, 1975
1349, 1986
1349, 1967
1349, 1962
1349, 1976
1349, 1956
1349, 1940
1349, 1952
1349, 1945
1349, 1946
1349, 1959
1349, 1977
1349, 1976
1349, 1981
1349, 1964
1349, 1968
1349, 1972
1349, 1980
1349, 1990
1349, 1973
1349, 1969
1349, 1982
1349, 1989
1349, 1998
1349, 1981
1349, 1998
1349, 1989
1349, 1985
1349, 2002
1349, 1990
1349, 1971
1349, 1955
1349, 1947
1349, 1948
1349, 1941
1349, 1936
1349, 1942
1349, 1957
1349, 1950
1349, 1935
1349, 1946
1349, 1959
1349, 1947
1349, 1966
1349, 1982
1349, 1972
1349, 1973
1349, 1956
1349, 1950
1349, 1965
1349, 1949
1349, 1942
1349, 1926
1349, 1943
1349, 1961
1349, 1969
1349, 1985
1349, 1982
1349, 1965
1349, 1956
1349, 1943
1349, 1929
1349, 1933
1349, 1926
1349, 1917
1349, 1928
1349, 1918
1349, 1921
1349, 1931
1349, 1914
1349, 1918
1349, 1935
1349, 1936
1349, 1930
1349, 1927
1349, 1943
1349, 1931
1349, 1924
1349, 1905
1349, 1905
1349, 1898
1349, 1918
1349, 1927
1349, 1927
1349, 1945
1349, 1925
1349, 1920
1349, 1914
1349, 1902
1349, 1897
1349, 1902
1349, 1894
1349, 1905
1349, 1889
1349, 1898
1349, 1916
1349, 1920
1349, 1901
1349, 1909
1349, 1913
1349, 1922
1349, 1925
1349, 1905
1349, 1906
1349, 1892
1349, 1878
1349, 1881
1349, 1885
1349, 1898
1349, 1900
1349, 1886
1349, 1874
1349, 1865
1349, 1868
1349, 1852
1349, 1853
1349, 1863
1349, 1867
1349, 1872
1349, 1857
1349, 1840
1349, 1860
1349, 1880
1349, 1879
1349, 1867
1349, 1867
1349, 1874
1349, 1882
1349, 1872
1349, 1876
1349, 1867
1349, 1885
1349, 1883
1349, 1897
1349, 1892
1349, 1881
1349, 1883
1349, 1863
1349, 1871
1349, 1851
1349, 1843
1349, 1850
1349, 1853
1349, 1843
1349, 1824
1349, 1832
1349, 1845
1349, 1829
1349, 1842
1349, 1853
1349, 1850
1349, 1849
1349, 1856
1349, 1850
1349, 1861
1349, 1868
1349, 1864
1349, 1883
1349, 1877
1349, 1861
1349, 1854
1349, 1854
1349, 1850
1349, 1840
1349, 1842
1349, 1856
1349, 1844
1349, 1863
1349, 1881
1349, 1871
1349, 1859
1349, 1879
1349, 1885
1349, 1898
1349, 1915
1349, 1910
1349, 1926
1349, 1939
1349, 1939
1349, 1953
1349, 1954
1349, 1936
1349, 1919
1349, 1918
1349, 1927
1349, 1927
1349, 1910
1349, 1902
1349, 1921
1349, 1902
1349, 1904
1349, 1890
1349, 1894
1349, 1877
1349, 1887
1349, 1870
1349, 1855
1349, 1849
1349, 1844
1349, 1837
1349, 1829
1349, 1822
1349, 1826
1349, 1827
1349, 1808
1349, 1804
1349, 1786
1349, 1805
1349, 1805
1349, 1789
1349, 1770
1349, 1784
1349, 1793
1349, 1786
1349, 1794
1349, 1795
1349, 1801
1349, 1819
1349, 1807
1349, 1789
1349, 1787
1349, 1789
1349, 1770
1349, 1768
1349, 1749
1349, 1761
1349, 1758
1349, 1739
1349, 1746
1349, 1739
1349, 1744
1349, 1737
1349, 1751
1349, 1739
1349, 1752
1349, 1761
1349, 1743
1349, 1751
1349, 1744
1349, 1733
1349, 1728
1349, 1716
1349, 1701
1349, 1701
1349, 1682
1349, 1689
1349, 1686
1349, 1686
1349, 1670
1349, 1677
1349, 1668
1349, 1667
1349, 1666
1349, 1660
1349, 1656
1349, 1649
1349, 1655
1349, 1640
1349, 1650
1349, 1638
1349, 1641
1349, 1645
1349, 1635
1349, 1643
1349, 1645
1349, 1652
1349, 1643
1349, 1637
1349, 1650
1349, 1635
1349, 1646
1349, 1640
1349, 1636
1349, 1635
1349, 1639
1349, 1629
1349, 1640
1349, 1638
1349, 1636
1349, 1647
1349, 1641
1349, 1636
1349, 1652
1349, 1661
1349, 1674
1349, 1676
1349, 1664
1349, 1654
1349, 1669
1349, 1682
1349, 1677
1349, 1683
1349, 1676
1349, 1661
1349, 1653
1349, 1669
1349, 1682
1349, 1682
1349, 1697
1349, 1705
1349, 1723
1349, 1706
1349, 1691
1349, 1675
1349, 1669
1349, 1662
1349, 1668
1349, 1687
1349, 1680
1349, 1667
1349, 1672
1349, 1662
1349, 1664
1349, 1684
1349, 1683
1349, 1696
1349, 1685
1349, 1676
1349, 1690
1349, 1681
1349, 1685
1349, 1689
1349, 1670
1349, 1685
1349, 1692
1349, 1693
1349, 1674
1349, 1680
1349, 1689
1349, 1690
1349, 1707
1349, 1704
1349, 1701
1349, 1694
1349, 1685
1349, 1666
1349, 1682
1349, 1692
1349, 1679
1349, 1666
1349, 1662
1349, 1650
1349, 1666
1349, 1674
1349, 1666
1349, 1678
1349, 1668
1349, 1652
1349, 1659
1349, 1642
1349, 1660
1349, 1661
1349, 1663
1349, 1683
1349, 1688
1349, 1702
1349, 1694
1349, 1709
1349, 1712
1349, 1730
1349, 1732
1349, 1730
1349, 1731
1349, 1716
1349, 1713
1349, 1721
1349, 1706
1349, 1702
1349, 1701
1349, 1718
1349, 1708
1349, 1692
1349, 1677
1349, 1697
1349, 1699
1349, 1689
1349, 1706
1349, 1718
1349, 1702
1349, 1708
1349, 1718
1349, 1724
1349, 1714
1349, 1717
1349, 1710
1349, 1700
1349, 1693
1349, 1704
1349, 1715
1349, 1733
1349, 1722
1349, 1711
1349, 1717
1349, 1704
1349, 1708
1349, 1696
1349, 1709
1349, 1727
1349, 1716
1349, 1722
1349, 1727
1349, 1735
1349, 1728
1349, 1733
1349, 1749
1349, 1763
1349, 1777
1349, 1786
1349, 1789
1349, 1795
1349, 1800
1349, 1785
1349, 1799
1349, 1804
1349, 1814
1349, 1818
1349, 1829
1349, 1821
1349, 1834
1349, 1826
1349, 1810
1349, 1819
1349, 1837
1349, 1826
1349, 1829
1349, 1837
1349, 1844
1349, 1833
1349, 1847
1349, 1836
1349, 1843
1349, 1828
1349, 1821
1349, 1824
1349, 1806
1349, 1791
1349, 1780
1349, 1774
1349, 1782
1349, 1774
1349, 1763
1349, 1763
1349, 1753
1349, 1733
1349, 1734
1349, 1741
1349, 1743
1349, 1745
1349, 1743
1349, 1731
1349, 1717
1349, 1705
1349, 1724
1349, 1725
1349, 1714
1349, 1719
1349, 1731
1349, 1716
1349, 1721
1349, 1736
1349, 1745
1349, 1755
1349, 1751
1349, 1759
1349, 1777
1349, 1795
1349, 1782
1349, 1770
1349, 1759
1349, 1740
1349, 1749
1349, 1741
1349, 1722
1349, 1737
1349, 1744
1349, 1729
1349, 1733
1349, 1716
1349, 1725
1349, 1728
1349, 1726
1349, 1714
1349, 1695
1349, 1704
1349, 1687
1349, 1696
1349, 1683
1349, 1668
1349, 1676
1349, 1684
1349, 1681
1349, 1676
1349, 1656
1349, 1671
1349, 1657
1349, 1637
1349, 1626
1349, 1611
1349, 1601
1349, 1593
1349, 1590
1349, 1588
1349, 1594
1349, 1609
1349, 1598
1349, 1601
1349, 1612
1349, 1629
1349, 1638
1349, 1628
1349, 1634
1349, 1640
1349, 1628
1349, 1608
1349, 1625
1349, 1606
1349, 1613
1349, 1625
1349, 1608
1349, 1611
1349, 1615
1349, 1610
1349, 1614
1349, 1634
1349, 1622
1349, 1624
1349, 1637
1349, 1634
1349, 1627
1349, 1634
1349, 1617
1349, 1601
1349, 1582
1349, 1602
1349, 1602
1349, 1602
1349, 1599
1349, 1600
1349, 1612
1349, 1600
1349, 1612
1349, 1602
1349, 1592
1349, 1594
1349, 1600
1349, 1602
1349, 1586
1349, 1595
1349, 1586
1349, 1601
1349, 1582
1349, 1597
1349, 1595
1349, 1578
1349, 1561
1349, 1580
1349, 1576
1349, 1558
1349, 1571
1349, 1555
1349, 1567
1349, 1560
1349, 1542
1349, 1551
1349, 1554
1349, 1563
1349, 1573
1349, 1571
1349, 1587
1349, 1577
1349, 1570
1349, 1575
1349, 1559
1349, 1567
1349, 1576
1349, 1591
1349, 1608
1349, 1592
1349, 1573
1349, 1591
1349, 1578
1349, 1564
1349, 1583
1349, 1582
1349, 1584
1349, 1577
1349, 1596
1349, 1597
1349, 1588
1349, 1586
1349, 1599
1349, 1579
1349, 1587
1349, 1597
1349, 1585
1349, 1572
1349, 1567
1349, 1559
1349, 1575
1349, 1594
1349, 1591
1349, 1580
1349, 1573
1349, 1588
1349, 1608
1349, 1590
1349, 1586
1349, 1589
1349, 1601
1349, 1614
1349, 1618
1349, 1632
1349, 1631
1349, 1649
1349, 1659
1349, 1646
1349, 1649
1349, 1641
1349, 1661
1349, 1678
1349, 1662
1349, 1643
1349, 1629
1349, 1642
1349, 1623
1349, 1628
1349, 1623
1349, 1637
1349, 1638
1349, 1631
1349, 1645
1349, 1664
1349, 1658
1349, 1639
1349, 1634
1349, 1644
1349, 1633
1349, 1626
1349, 1609
1349, 1623
1349, 1637
1349, 1620
1349, 1610
1349, 1603
1349, 1616
1349, 1629
1349, 1639
1349, 1658
1349, 1664
1349, 1667
1349, 1675
1349, 1685
1349, 1697
1349, 1695
1349, 1712
1349, 1702
1349, 1688
1349, 1678
1349, 1697
1349, 1698
1349, 1679
1349, 1697
1349, 1683
1349, 1663
1349, 1645
1349, 1642
1349, 1639
1349, 1642
1349, 1642
1349, 1652
1349, 1632
1349, 1647
1349, 1666
1349, 1653
1349, 1640
1349, 1658
1349, 1663
1349, 1654
1349, 1671
1349, 1662
1349, 1660
1349, 1664
1349, 1669
1349, 1681
1349, 1664
1349, 1678
1349, 1664
1349, 1656
1349, 1665
1349, 1671
1349, 1680
1349, 1683
1349, 1690
1349, 1692
1349, 1677
1349, 1660
1349, 1663
1349, 1647
1349, 1646
1349, 1646
1349, 1660
1349, 1674
1349, 1686
1349, 1688
1349, 1677
1349, 1677
1349, 1687
1349, 1680
1349, 1685
1349, 1671
1349, 1683
1349, 1700
1349, 1705
1349, 1705
1349, 1723
1349, 1740
1349, 1721
1349, 1740
1349, 1735
1349, 1751
1349, 1764
1349, 1761
1349, 1760
1349, 1744
1349, 1750
1349, 1760
1349, 1768
1349, 1768
1349, 1768
1349, 1753
1349, 1759
1349, 1765
1349, 1748
1349, 1763
1349, 1756
1349, 1747
1349, 1736
1349, 1716
1349, 1717
1349, 1713
1349, 1714
1349, 1707
1349, 1713
1349, 1723
1349, 1728
1349, 1735
1349, 1716
1349, 1726
1349, 1723
1349, 1741
1349, 1729
1349, 1739
1349, 1720
1349, 1714
1349, 1723
1349, 1730
1349, 1749
1349, 1756
1349, 1737
1349, 1740
1349, 1734
1349, 1747
1349, 1730
1349, 1746
1349, 1751
1349, 1750
1349, 1743
1349, 1736
1349, 1750
1349, 1730
1349, 1723
1349, 1733
1349, 1717
1349, 1713
1349, 1730
1349, 1730
1349, 1747
1349, 1746
1349, 1732
1349, 1725
1349, 1708
1349, 1698
1349, 1687
1349, 1705
1349, 1694
1349, 1704
1349, 1691
1349, 1697
1349, 1707
1349, 1714
1349, 1713
1349, 1712
1349, 1715
1349, 1723
1349, 1714
1349, 1723
1349, 1707
1349, 1689
1349, 1691
1349, 1698
1349, 1679
1349, 1683
1349, 1688
1349, 1700
1349, 1686
1349, 1698
1349, 1713
1349, 1732
1349, 1730
1349, 1736
1349, 1756
1349, 1750
1349, 1743
1349, 1750
1349, 1738
1349, 1743
1349, 1755
1349, 1745
1349, 1741
1349, 1748
1349, 1732
1349, 1751
1349, 1735
1349, 1746
1349, 1764
1349, 1780
1349, 1779
1349, 1765
1349, 1782
1349, 1792
1349, 1804
1349, 1818
1349, 1804
1349, 1794
1349, 1778
1349, 1788
1349, 1794
1349, 1786
1349, 1790
1349, 1795
1349, 1797
1349, 1784
1349, 1786
1349, 1770
1349, 1790
1349, 1801
1349, 1804
1349, 1785
1349, 1770
1349, 1764
1349, 1768
1349, 1757
1349, 1773
1349, 1762
1349, 1752
1349, 1764
1349, 1774
1349, 1766
1349, 1747
1349, 1735
1349, 1738
1349, 1719
1349, 1714
1349, 1708
1349, 1694
1349, 1707
1349, 1700
1349, 1686
1349, 1668
1349, 1653
1349, 1670
1349, 1679
1349, 1681
1349, 1685
1349, 1687
1349, 1696
1349, 1690
1349, 1701
1349, 1714
1349, 1709
1349, 1712
1349, 1709
1349, 1689
1349, 1678
1349, 1683
1349, 1676
1349, 1671
1349, 1672
1349, 1685
1349, 1680
1349, 1676
1349, 1674
1349, 1670
1349, 1671
1349, 1691
1349, 1691
1349, 1676
1349, 1664
1349, 1679
1349, 1698
1349, 1717
1349, 1715
1349, 1732
1349, 1713
1349, 1709
1349, 1704
1349, 1686
1349, 1690
1349, 1695
1349, 1699
1349, 1694
1349, 1675
1349, 1686
1349, 1669
1349, 1661
1349, 1669
1349, 1665
1349, 1667
1349, 1665
1349, 1658
1349, 1677
1349, 1687
1349, 1682
1349, 1664
1349, 1656
1349, 1639
1349, 1657
1349, 1667
1349, 1684
1349, 1685
1349, 1672
1349, 1655
1349, 1663
1349, 1655
1349, 1661
1349, 1663
1349, 1652
1349, 1671
1349, 1670
1349, 1657
1349, 1669
1349, 1680
1349, 1663
1349, 1658
1349, 1662
1349, 1654
1349, 1666
1349, 1677
1349, 1683
1349, 1667
1349, 1685
1349, 1679
1349, 1671
1349, 1659
1349, 1664
1349, 1646
1349, 1630
1349, 1647
1349, 1665
1349, 1662
1349, 1680
1349, 1696
1349, 1677
1349, 1661
1349, 1654
1349, 1645
1349, 1644
1349, 1661
1349, 1647
1349, 1632
1349, 1627
1349, 1618
1349, 1630
1349, 1620
1349, 1606
1349, 1618
1349, 1622
1349, 1606
1349, 1622
1349, 1624
1349, 1608
1349, 1604
1349, 1602
1349, 1614
1349, 1618
1349, 1620
1349, 1640
1349, 1642
1349, 1653
1349, 1658
1349, 1655
1349, 1662
1349, 1664
1349, 1682
1349, 1667
1349, 1657
1349, 1637
1349, 1632
1349, 1614
1349, 1627
1349, 1645
1349, 1632
1349, 1623
1349, 1622
1349, 1621
1349, 1612
1349, 1607
1349, 1602
1349, 1613
1349, 1594
1349, 1579
1349, 1597
1349, 1593
1349, 1587
1349, 1569
1349, 1583
1349, 1578
1349, 1569
1349, 1588
1349, 1608
1349, 1612
1349, 1625
1349, 1640
1349, 1656
1349, 1666
1349, 1658
1349, 1649
1349, 1630
1349, 1635
1349, 1637
1349, 1622
1349, 1620
1349, 1601
1349, 1592
1349, 1573
1349, 1580
1349, 1581
1349, 1598
1349, 1586
1349, 1591
1349, 1603
1349, 1614
1349, 1620
1349, 1628
1349, 1615
1349, 1627
1349, 1626
1349, 1643
1349, 1638
1349, 1626
1349, 1638
1349, 1655
1349, 1636
1349, 1622
1349, 1616
1349, 1620
1349, 1614
1349, 1631
1349, 1638
1349, 1656
1349, 1650
1349, 1646
1349, 1656
1349, 1664
1349, 1655
1349, 1636
1349, 1631
1349, 1626
1349, 1609
1349, 1600
1349, 1599
1349, 1611
1349, 1616
1349, 1631
1349, 1624
1349, 1606
1349, 1617
1349, 1631
1349, 1649
1349, 1647
1349, 1636
1349, 1641
1349, 1650
1349, 1646
1349, 1650
1349, 1634
1349, 1633
1349, 1625
1349, 1607
1349, 1617
1349, 1627
1349, 1640
1349, 1648
1349, 1664
1349, 1648
1349, 1663
1349, 1663
1349, 1683
1349, 1671
1349, 1687
1349, 1698
1349, 1681
1349, 1667
1349, 1665
1349, 1655
1349, 1659
1349, 1672
1349, 1678
1349, 1693
1349, 1696
1349, 1686
1349, 1702
1349, 1688
1349, 1671
1349, 1686
1349, 1669
1349, 1683
1349, 1682
1349, 1670
1349, 1673
1349, 1673
1349, 1657
1349, 1658
1349, 1648
1349, 1648
1349, 1630
1349, 1617
1349, 1631
1349, 1638
1349, 1631
1349, 1621
1349, 1615
1349, 1624
1349, 1634
1349, 1615
1349, 1606
1349, 1610
1349, 1620
1349, 1624
1349, 1628
1349, 1618
1349, 1612
1349, 1609
1349, 1627
1349, 1627
1349, 1632
1349, 1628
1349, 1628
1349, 1610
1349, 1623
1349, 1632
1349, 1613
1349, 1605
1349, 1589
1349, 1576
1349, 1573
1349, 1579
1349, 1559
1349, 1560
1349, 1541
1349, 1533
1349, 1529
1349, 1509
1349, 1501
1349, 1500
1349, 1482
1349, 1462
1349, 1444
1349, 1433
1349, 1450
1349, 1470
1349, 1476
1349, 1486
1349, 1483
1349, 1492
1349, 1489
1349, 1470
1349, 1468
1349, 1482
1349, 1492
1349, 1477
1349, 1472
1349, 1455
1349, 1441
1349, 1459
1349, 1453
1349, 1440
1349, 1459
1349, 1449
1349, 1430
1349, 1422
1349, 1442
1349, 1441
1349, 1423
1349, 1415
1349, 1416
1349, 1407
1349, 1388
1349, 1403
1349, 1401
1349, 1409
1349, 1400
1349, 1391
1349, 1408
1349, 1400
1349, 1408
1349, 1389
1349, 1379
1349, 1374
1349, 1393
1349, 1383
1349, 1389
1349, 1373
1349, 1355
1349, 1344
1349, 1358
1349, 1372
1349, 1391
1349, 1390
1349, 1400
1349, 1396
1349, 1378
1349, 1360
1349, 1347
1349, 1351
1349, 1355
1349, 1367
1349, 1373
1349, 1365
1349, 1351
1349, 1343
1349, 1334
1349, 1324
1349, 1328
1349, 1316
1349, 1332
1349, 1329
1349, 1314
1349, 1314
1349, 1325
1349, 1312
1349, 1310
1349, 1297
1349, 1300
1349, 1300
1349, 1288
1349, 1303
1349, 1313
1349, 1328
1349, 1314
1349, 1319
1349, 1308
1349, 1294
1349, 1311
1349, 1317
1349, 1329
1349, 1319
1349, 1325
1349, 1325
1349, 1313
1349, 1323
1349, 1308
1349, 1300
1349, 1287
1349, 1281
1349, 1297
1349, 1314
1349, 1295
1349, 1307
1349, 1302
1349, 1322
1349, 1311
1349, 1302
1349, 1301
1349, 1315
1349, 1308
1349, 1327
1349, 1324
1349, 1311
1349, 1328
1349, 1343
1349, 1340
1349, 1350
1349, 1338
1349, 1335
1349, 1334
1349, 1316
1349, 1303
1349, 1286
1349, 1273
1349, 1257
1349, 1243
1349, 1237
1349, 1236
1349, 1244
1349, 1256
1349, 1243
1349, 1226
1349, 1209
1337, 1197
1337, 1201
1337, 1183
1337, 1172
1295, 1158
1295, 1142
1300, 1148
1300, 1148
1300, 1133
1300, 1132
1299, 1147
1299, 1148
1299, 1149
1314, 1164
1314, 1155
1314, 1140
1314, 1155
1316, 1156
1316, 1139
1316, 1130
1316, 1128
1316, 1139
1316, 1142
1316, 1134
1316, 1129
1287, 1113
1287, 1102
1297, 1112
1297, 1103
1297, 1103
1297, 1087
1281, 1087
1281, 1079
1300, 1098
1300, 1116
1300, 1106
1300, 1090
1292, 1108
1292, 1097
1307, 1112
1307, 1103
1307, 1097
1307, 1104
1291, 1088
1291, 1093
1291, 1085
1291, 1068
1252, 1055
1252, 1056
1252, 1041
1252, 1041
1219, 1022
1219, 1016
1219, 1013
1219, 1012
1233, 1031
1233, 1014
1251, 1032
1251, 1012
1251, 1008
1266, 1028
1266, 1041
1266, 1028
1266, 1018
1224, 999
1224, 1010
1224, 1004
1224, 1002
1224, 1010
1224, 997
1230, 1003
1230, 989
1249, 1008
1249, 1016
1263, 1031
1263, 1024
1273, 1033
1273, 1031
1273, 1030
1280, 1038
1280, 1052
1280, 1041
1280, 1038
1251, 1023
1251, 1019
1266, 1034
1266, 1050
1266, 1034
1266, 1043
1256, 1040
1256, 1055
1256, 1039
1256, 1046
1228, 1027
1228, 1012
1238, 1022
1238, 1013
1238, 994
1238, 1003
1223, 999
1223, 988
1223, 982
1223, 972
1215, 980
1215, 973
1228, 986
1228, 1003
1228, 998
1228, 1002
1238, 1013
1238, 997
1242, 1001
1242, 994
1250, 1002
1250, 998
1250, 984
1250, 973
1206, 953
1206, 939
1206, 929
1206, 911
1159, 893
1159, 877
1159, 857
1159, 854
1151, 869
1151, 860
1151, 855
1151, 853
1130, 839
1130, 848
1144, 862
1144, 861
1144, 852
1155, 872
1155, 879
1158, 882
1158, 901
1158, 891
1165, 907
1165, 918
1165, 915
1168, 921
1168, 914
1168, 910
1168, 909
1157, 903
1157, 885
1163, 891
1163, 898
1168, 904
1168, 903
1168, 894
1168, 880
1158, 893
1158, 885
1158, 867
1158, 883
1149, 876
1149, 879
1164, 894
1164, 875
1164, 861
1165, 876
1165, 859
1165, 852
1168, 862
1168, 881
1168, 878
1176, 889
1176, 904
1176, 891
1176, 897
1178, 905
1178, 922
1178, 916
1192, 936
1192, 946
1192, 927
1192, 935
1172, 926
1172, 931
1179, 938
1179, 933
1179, 930
1179, 915
1170, 923
1170, 920
1170, 910
1170, 904
1159, 910
1159, 926
1167, 933
1167, 950
1167, 932
1167, 919
1151, 934
1151, 945
1168, 963
1168, 952
1168, 933
1168, 935
1159, 942
1159, 954
1176, 971
1176, 968
1176, 960
1176, 967
1193, 985
1193, 966
1193, 956
1193, 953
1169, 942
1169, 932
1186, 949
1186, 942
1186, 928
1186, 939
1189, 945
1189, 938
1189, 930
1195, 944
1195, 944
1210, 958
1210, 956
1210, 940
1210, 931
1179, 925
1179, 938
1192, 950
1192, 946
1192, 939
1192, 924
1177, 931
1177, 921
1178, 923
1178, 924
1181, 927
1181, 941
1181, 932
1188, 948
1188, 957
1188, 945
1188, 946
1166, 935
1166, 927
1182, 944
1182, 931
1182, 927
1194, 943
1194, 952
1207, 965
1207, 985
1215, 992
1215, 974
1219, 979
1219, 982
1239, 1002
1239, 1016
1255, 1032
1255, 1013
1274, 1032
1274, 1044
1274, 1038
1274, 1022
1250, 1019
1250, 1020
1250, 1001
1250, 987
1232, 1003
1232, 997
1237, 1001
1237, 982
1237, 968
1237, 953
1227, 973
1227, 969
1229, 972
1229, 986
1239, 996
1239, 981
1239, 974
1239, 977
1246, 988
1246, 975
1252, 981
1252, 962
1252, 949
1252, 951
1258, 968
1258, 985
1261, 988
1261, 984
1274, 997
1274, 1001
1274, 981
1274, 969
1258, 985
1258, 968
1270, 980
1270, 975
1280, 985
1280, 994
1280, 981
1280, 985
1270, 985
1270, 983
1270, 977
1270, 964
1266, 979
1266, 997
1266, 991
1266, 996
1252, 983
1252, 994
1252, 991
1252, 974
1221, 963
1221, 971
1229, 978
1229, 979
1230, 980
1230, 999
1230, 992
1230, 977
1195, 963
1195, 962
1195, 955
1205, 972
1205, 956
1211, 963
1211, 967
1211, 958
1211, 955
1184, 940
1184, 927
1194, 936
1194, 956
1194, 946
1203, 965
1203, 961
1216, 974
1216, 973
1216, 954
1216, 972
1209, 967
1209, 960
1212, 963
1212, 955
1212, 952
1212, 949
1195, 938
1195, 956
1195, 939
1197, 958
1197, 967
1214, 984
1214, 990
1214, 989
1214, 979
1185, 961
1185, 949
1185, 940
1185, 926
1176, 940
1176, 943
1184, 951
1184, 967
1195, 978
1195, 968
1197, 970
1197, 986
1206, 994
1206, 1005
1216, 1015
1216, 1019
1224, 1027
1224, 1024
1224, 1012
1224, 1006
1225, 1025
1225, 1015
1225, 1013
1225, 1002
1194, 984
1194, 972
1202, 979
1202, 997
1202, 993
1216, 1011
1216, 996
1216, 983
1216, 969
1196, 976
1196, 974
1196, 966
1196, 962
1164, 942
1164, 952
1169, 957
1169, 945
1182, 957
1182, 973
1188, 979
1188, 978
1188, 966
1188, 965
1163, 953
1163, 965
1183, 985
1183, 995
1183, 989
1183, 977
1150, 962
1150, 957
1163, 970
1163, 956
1168, 962
1168, 959
1168, 948
1168, 945
1136, 926
1136, 944
1152, 960
1152, 964
1152, 959
1152, 943
1123, 935
1123, 930
1135, 942
1135, 955
1135, 954
1143, 962
1143, 963
1143, 944
1143, 956
1135, 955
1135, 974
1135, 970
1135, 960
1123, 962
1123, 962
1129, 968
1129, 963
1147, 981
1147, 983
1147, 969
1147, 974
1122, 958
1122, 945
1133, 956
1133, 947
1133, 938
1133, 934
1138, 952
1138, 955
1138, 936
1138, 921
1090, 907
1090, 912
1090, 907
1096, 918
1096, 899
1096, 882
1096, 887
1067, 870
1067, 877
1067, 876
1067, 856
1049, 859
1049, 859
1053, 864
1053, 872
1066, 884
1066, 902
1066, 889
1066, 872
1041, 878
1041, 862
1041, 847
1041, 831
1012, 833
1012, 847
1012, 827
1012, 831
980, 815
980, 819
985, 823
985, 811
985, 803
987, 813
987, 798
987, 798
987, 790
992, 803
992, 786
1010, 805
1010, 788
1010, 773
1016, 793
1016, 787
1025, 796
1025, 793
1025, 785
1025, 770
1005, 773
1005, 771
1005, 754
1005, 739
964, 731
964, 718
964, 711
964, 695
955, 709
955, 723
955, 708
955, 722
962, 730
962, 734
979, 750
979, 739
979, 727
979, 711
961, 721
961, 720
973, 732
973, 727
986, 740
986, 740
1003, 757
1003, 773
1017, 788
1017, 774
1034, 791
1034, 772
1034, 766
1045, 783
1045, 801
1053, 809
1053, 820
1053, 819
1053, 813
1064, 831
1064, 834
1064, 815
1064, 831
1059, 829
1059, 838
1059, 822
1059, 837
1058, 837
1058, 853
1072, 868
1072, 867
1072, 862
1072, 848
1067, 862
1067, 851
1067, 842
1073, 856
1073, 867
1073, 853
1073, 862
1068, 863
1068, 881
1078, 891
1078, 882
1082, 886
1082, 867
1085, 870
1085, 881
1095, 892
1095, 898
1095, 887
1095, 872
1085, 888
1085, 875
1097, 887
1097, 890
1097, 880
1097, 862
1076, 869
1076, 871
1076, 868
1079, 874
1079, 867
1079, 860
1090, 878
1090, 893
1096, 898
1096, 899
1112, 915
1112, 935
1112, 921
1112, 913
1087, 910
1087, 891
1087, 890
1087, 880
1063, 867
1063, 863
1080, 880
1080, 882
1080, 870
1080, 857
1042, 844
1042, 832
1045, 836
1045, 839
1045, 824
1045, 833
1020, 814
1020, 830
1028, 837
1028, 830
1038, 840
1038, 857
1038, 847
1038, 830
1009, 828
1009, 830
1014, 835
1014, 838
1014, 822
1014, 823
1001, 826
1001, 830
1001, 823
1009, 838
1009, 856
1009, 845
1009, 843
1002, 849
1002, 834
1019, 851
1019, 865
1031, 876
1031, 886
1045, 901
1045, 892
1045, 875
1045, 863
1005, 852
1005, 837
1007, 839
1007, 833
1007, 832
1007, 828
992, 818
992, 802
1011, 821
1011, 822
1029, 840
1029, 843
1029, 828
1029, 824
992, 807
992, 791
1004, 803
1004, 822
1004, 814
1004, 814
986, 805
986, 812
991, 818
991, 833
991, 833
999, 841
999, 846
1018, 864
1018, 846
1030, 858
1030, 839
1037, 846
1037, 852
1037, 846
1045, 861
1045, 850
1060, 865
1060, 855
1060, 843
1060, 829
1017, 812
1017, 824
1017, 807
1017, 803
991, 798
991, 815
999, 823
999, 839
999, 825
1005, 844
1005, 839
1005, 836
1005, 818
982, 816
982, 802
1000, 820
1000, 833
1007, 840
1007, 825
1007, 808
1007, 796
964, 782
964, 776
964, 774
964, 774
952, 764
952, 780
952, 761
952, 759
914, 742
914, 731
928, 745
928, 759
928, 756
928, 738
917, 748
917, 760
917, 759
917, 739
909, 753
909, 735
922, 747
922, 756
922, 750
935, 770
935, 756
935, 743
935, 742
934, 755
934, 771
934, 751
934, 737
883, 720
883, 711
883, 699
883, 687
859, 687
859, 674
876, 691
876, 672
876, 656
876, 645
850, 645
850, 628
850, 612
850, 596
802, 581
802, 599
802, 592
802, 574
768, 565
768, 559
783, 574
783, 555
783, 549
783, 550
792, 564
792, 557
804, 569
804, 585
819, 601
819, 581
837, 599
837, 582
837, 574
837, 570
837, 581
837, 584
837, 576
837, 558
799, 546
799, 556
799, 555
807, 564
807, 572
819, 585
819, 583
819, 564
819, 584
827, 591
827, 586
833, 593
833, 605
833, 596
843, 614
843, 622
843, 603
843, 593
815, 595
815, 602
828, 615
828, 632
828, 623
836, 640
836, 650
852, 667
852, 685
852, 683
852, 686
846, 679
846, 674
854, 682
854, 669
861, 675
861, 660
874, 674
874, 672
883, 681
883, 698
898, 713
898, 723
904, 729
904, 725
911, 733
911, 715
911, 711
911, 711
889, 693
889, 695
889, 679
889, 695
870, 677
870, 678
870, 668
880, 688
880, 679
900, 699
900, 682
900, 679
900, 678
909, 692
909, 699
909, 683
909, 699
921, 711
921, 710
921, 709
923, 712
923, 709
923, 692
923, 694
894, 680
894, 699
904, 709
904, 718
907, 721
907, 737
907, 736
909, 738
909, 748
925, 765
925, 777
925, 777
935, 787
935, 796
935, 777
935, 764
921, 782
921, 762
921, 758
921, 763
911, 752
911, 744
931, 764
931, 754
931, 752
933, 756
933, 744
933, 730
933, 739
912, 723
912, 729
912, 709
912, 701
890, 707
890, 697
894, 700
894, 683
894, 664
894, 654
854, 643
854, 661
871, 677
871, 674
872, 675
872, 687
876, 690
876, 688
876, 679
877, 690
877, 708
877, 701
877, 697
871, 702
871, 689
871, 674
871, 671
845, 663
845, 647
845, 630
845, 640
825, 627
825, 641
825, 633
825, 638
812, 629
812, 611
812, 609
812, 591
773, 572
773, 586
773, 587
773, 585
792, 605
792, 603
792, 599
792, 594
783, 594
783, 598
783, 594
783, 580
745, 560
745, 561
762, 578
762, 595
765, 598
765, 590
780, 604
780, 588
791, 599
791, 589
791, 583
791, 588
809, 607
809, 626
812, 629
812, 622
812, 621
827, 637
827, 650
827, 650
827, 649
824, 647
824, 636
840, 652
840, 643
840, 640
840, 626
836, 639
836, 631
836, 631
836, 632
854, 649
854, 642
871, 658
871, 643
871, 626
871, 627
859, 632
859, 638
874, 653
874, 634
883, 644
883, 646
883, 634
890, 652
890, 660
890, 642
890, 654
885, 655
885, 640
885, 621
885, 631
893, 648
893, 633
901, 642
901, 650
907, 656
907, 675
907, 673
911, 678
911, 696
911, 682
911, 686
890, 675
890, 663
893, 666
893, 676
894, 677
894, 659
894, 646
894, 636
872, 637
872, 631
872, 626
872, 622
879, 639
879, 655
879, 643
879, 652
878, 654
878, 662
878, 648
878, 630
836, 620
836, 636
852, 652
852, 657
871, 676
871, 673
871, 661
871, 657
848, 650
848, 668
848, 666
863, 683
863, 670
863, 656
863, 640
834, 641
834, 630
845, 641
845, 633
860, 648
860, 631
860, 626
872, 643
872, 642
872, 626
872, 632
858, 628
858, 628
858, 617
858, 624
847, 617
847, 612
851, 616
851, 599
851, 584
851, 574
834, 583
834, 567
834, 556
843, 575
843, 579
843, 577
843, 558
806, 542
806, 540
809, 543
809, 538
809, 538
809, 533
791, 521
791, 501
791, 485
791, 491
790, 501
790, 492
790, 477
790, 481
767, 468
767, 484
767, 480
767, 480
748, 465
748, 454
748, 444
748, 432
714, 420
714, 436
714, 416
714, 397
688, 410
688, 408
692, 412
692, 412
700, 420
700, 436
714, 451
714, 441
722, 448
722, 451
722, 446
728, 458
728, 456
741, 468
741, 481
750, 489
750, 491
750, 483
750, 489
728, 470
728, 483
733, 488
733, 503
739, 509
739, 521
739, 506
739, 510
739, 521
739, 519
739, 505
743, 522
743, 530
749, 536
749, 552
749, 535
749, 540
741, 543
741, 548
741, 532
741, 542
743, 551
743, 548
743, 538
743, 539
743, 548
743, 537
743, 528
743, 514
719, 514
719, 518
723, 522
723, 511
723, 499
723, 479
704, 492
704, 503
714, 513
714, 499
714, 493
719, 504
719, 484
726, 491
726, 478
726, 458
726, 440
707, 459
707, 472
710, 475
710, 479
710, 466
715, 484
715, 486
718, 489
718, 487
718, 474
718, 484
703, 472
703, 484
703, 482
703, 480
704, 485
704, 476
704, 468
704, 467
704, 476
704, 482
704, 465
704, 446
657, 435
657, 420
665, 428
665, 415
668, 419
668, 420
668, 410
668, 396
661, 412
661, 408
661, 407
661, 393
659, 406
659, 405
676, 421
676, 420
676, 405
676, 400
665, 410
665, 408
665, 408
682, 426
682, 407
688, 413
688, 416
690, 417
690, 412
690, 397
690, 381
640, 362
640, 379
655, 394
655, 394
655, 392
655, 379
648, 388
648, 377
657, 386
657, 383
664, 390
664, 375
664, 374
664, 367
676, 386
676, 380
676, 380
676, 379
683, 387
683, 388
683, 372
683, 363
639, 344
639, 353
641, 355
641, 340
641, 326
641, 320
607, 306
607, 316
622, 331
622, 315
622, 301
622, 283
587, 280
587, 263
587, 263
587, 252
578, 253
578, 243
578, 240
578, 240
575, 240
575, 221
575, 206
578, 224
578, 236
594, 252
594, 259
594, 251
594, 241
564, 229
564, 227
581, 244
581, 235
587, 241
587, 243
587, 223
587, 210
540, 195
540, 211
540, 206
543, 214
543, 225
544, 226
544, 237
564, 257
564, 257
564, 239
564, 252
553, 247
553, 266
560, 272
560, 274
560, 263
562, 277
562, 264
575, 278
575, 269
594, 288
594, 285
594, 280
594, 276
595, 286
595, 288
595, 281
595, 263
583, 277
583, 263
583, 250
583, 233
553, 232
553, 213
553, 197
553, 205
540, 201
540, 198
540, 192
540, 185
509, 167
509, 164
509, 157
518, 173
518, 185
518, 180
518, 180
530, 196
530, 192
533, 195
533, 213
551, 231
551, 230
551, 216
551, 202
510, 189
510, 177
510, 173
522, 189
522, 180
522, 177
522, 180
518, 176
518, 163
518, 148
518, 129
503, 148
503, 150
503, 150
516, 163
516, 165
534, 183
534, 187
541, 195
541, 191
541, 179
541, 192
536, 186
536, 170
536, 168
549, 183
549, 171
557, 179
557, 187
557, 173
557, 183
537, 167
537, 165
553, 181
553, 183
553, 165
553, 161
544, 175
544, 186
562, 203
562, 184
562, 181
562, 177
569, 191
569, 187
569, 175
569, 169
561, 178
561, 177
561, 177
578, 194
578, 186
578, 173
578, 164
560, 167
560, 155
560, 145
560, 152
567, 162
567, 179
576, 188
576, 170
576, 168
589, 183
589, 171
608, 190
608, 199
608, 198
620, 211
620, 225
620, 211
625, 230
625, 240
634, 248
634, 247
634, 248
650, 263
650, 277
650, 275
650, 257
642, 268
642, 262
645, 265
645, 262
645, 253
652, 269
652, 285
671, 305
671, 302
671, 302
671, 300
688, 318
688, 304
688, 298
688, 292
692, 308
692, 294
711, 312
711, 328
711, 320
711, 314
700, 317
700, 324
700, 307
700, 303
662, 286
662, 292
662, 274
662, 290
647, 277
647, 261
647, 260
653, 266
653, 281
653, 267
653, 252
618, 246
618, 231
618, 218
618, 225
623, 236
623, 217
623, 209
623, 208
598, 191
598, 189
602, 193
602, 179
603, 180
603, 164
603, 145
603, 140
599, 160
599, 179
599, 164
603, 184
603, 191
603, 189
603, 179
573, 161
573, 147
588, 161
588, 158
595, 165
595, 150
595, 151
597, 152
597, 153
615, 171
615, 173
615, 163
615, 146
593, 151
593, 144
593, 129
594, 145
594, 135
594, 115
594, 102
550, 91
550, 106
566, 122
566, 116
572, 122
572, 126
578, 132
578, 113
590, 125
590, 125
606, 142
606, 131
606, 115
606, 126
602, 128
602, 126
609, 133
609, 135
609, 120
609, 128
608, 135
608, 145
613, 150
613, 135
613, 127
624, 145
624, 149
631, 156
631, 156
638, 163
638, 145
658, 164
658, 173
671, 186
671, 169
671, 167
681, 179
681, 195
681, 192
681, 184
665, 179
665, 171
684, 189
684, 204
688, 208
688, 210
688, 211
688, 210
700, 223
700, 241
719, 260
719, 244
721, 246
721, 265
721, 258
721, 255
715, 259
715, 254
715, 247
715, 250
691, 230
691, 228
691, 226
704, 240
704, 244
709, 249
709, 239
716, 245
716, 262
725, 271
725, 252
725, 233
725, 228
699, 226
699, 219
714, 234
714, 219
714, 215
714, 199
683, 187
683, 178
683, 165
683, 168
670, 165
670, 154
670, 137
670, 125
653, 136
653, 148
653, 136
653, 136
625, 121
625, 127
625, 125
625, 109
597, 99
597, 79
603, 84
603, 94
603, 77
603, 94
593, 85
593, 91
612, 110
612, 102
612, 85
612, 66
575, 65
575, 70
575, 64
584, 79
584, 71
584, 60
584, 55
580, 67
580, 84
580, 66
580, 70
576, 80
576, 81
588, 93
588, 108
594, 114
594, 117
594, 110
594, 99
568, 91
568, 77
568, 58
568, 69
579, 88
579, 80
579, 72
579, 65
564, 65
564, 74
577, 87
577, 105
580, 108
580, 121
580, 113
586, 127
586, 137
586, 138
597, 149
597, 135
607, 145
607, 131
616, 139
616, 141
616, 129
621, 146
621, 159
621, 150
621, 158
634, 172
634, 183
645, 194
645, 210
645, 202
654, 218
654, 224
669, 240
669, 254
680, 264
680, 271
699, 290
699, 299
702, 302
702, 305
702, 298
702, 295
701, 303
701, 293
701, 278
701, 270
683, 275
683, 270
683, 270
683, 270
678, 266
678, 259
678, 254
678, 239
656, 237
656, 237
656, 225
656, 211
643, 224
643, 217
657, 232
657, 232
657, 214
657, 227
655, 230
655, 241
655, 242
663, 249
663, 263
672, 271
672, 261
672, 244
673, 262
673, 252
680, 259
680, 248
680, 239
682, 250
682, 259
702, 279
702, 261
702, 257
706, 265
706, 247
706, 227
706, 222
680, 220
680, 235
680, 219
680, 210
649, 204
649, 213
649, 205
649, 192
633, 196
633, 177
642, 186
642, 188
642, 180
642, 166
617, 163
617, 152
630, 165
630, 176
630, 167
630, 165
630, 176
630, 180
630, 179
636, 187
636, 188
636, 171
636, 170
602, 154
602, 166
602, 146
602, 139
584, 147
584, 145
591, 152
591, 158
591, 152
591, 137
566, 132
566, 121
581, 135
581, 145
594, 158
594, 172
594, 165
594, 151
559, 137
559, 127
559, 109
559, 100
523, 90
523, 78
523, 62
523, 48
478, 34
478, 47
478, 43
478, 27
454, 23
454, 15
454, 8
456, 17
456, 20
456, 2
456, 7
462, 26
462, 25
462, 14
466, 29
466, 46
468, 48
468, 55
468, 55
476, 64
476, 60
476, 50
478, 61
478, 51
492, 65
492, 78
492, 70
492, 70
502, 89
502, 82
519, 99
519, 84
519, 74
519, 73
504, 69
504, 67
505, 68
505, 50
511, 55
511, 53
531, 73
531, 76
536, 81
536, 84
536, 65
536, 62
519, 67
519, 78
519, 62
519, 53
502, 62
502, 49
502, 41
502, 47
483, 30
483, 44
489, 50
489, 65
489, 54
497, 73
497, 63
497, 57
497, 62
510, 76
510, 92
512, 95
512, 103
512, 91
512, 95
517, 108
517, 109
531, 122
531, 129
531, 115
531, 126
514, 113
514, 113
514, 107
514, 97
514, 113
514, 124
514, 106
514, 88
464, 74
464, 60
464, 59
464, 51
454, 50
454, 38
454, 29
454, 33
452, 37
452, 23
452, 9
452, 5
436, 7
436, 0
436, 0
443, 7
443, 20
443, 11
447, 25
447, 33
449, 34
449, 29
456, 36
456, 26
456, 20
470, 40
470, 33
483, 45
483, 56
490, 63
490, 55
500, 66
500, 51
500, 38
500, 42
478, 30
478, 23
478, 20
482, 26
482, 8
482, 0
482, 0
474, 0
474, 0
474, 6
489, 22
489, 6
489, 1
489, 0
493, 10
493, 26
493, 25
493, 20
493, 26
493, 17
496, 20
496, 4
496, 0
496, 0
491, 0
491, 19
491, 17
491, 10
497, 25
497, 40
499, 42
499, 47
499, 28
499, 19
470, 18
470, 37
483, 50
483, 63
493, 73
493, 71
501, 78
501, 72
501, 52
501, 40
455, 26
455, 13
455, 0
455, 0
454, 13
454, 13
454, 10
458, 17
458, 34
458, 21
458, 10
437, 12
437, 0
437, 0
437, 10
436, 9
436, 0
436, 0
436, 0
436, 0
436, 0
436, 18
438, 21
438, 8
449, 19
449, 20
462, 33
462, 20
470, 28
470, 11
488, 29
488, 37
488, 27
488, 37
498, 47
498, 62
500, 65
500, 64
500, 60
503, 68
503, 53
503, 48
503, 38
468, 18
468, 26
474, 33
474, 31
483, 39
483, 52
501, 70
501, 63
514, 75
514, 72
517, 76
517, 56
517, 54
517, 49
497, 36
497, 18
497, 0
497, 6
494, 14
494, 30
501, 38
501, 19
508, 26
508, 24
508, 8
508, 0
494, 11
494, 21
494, 19
494, 10
486, 12
486, 24
486, 5
486, 0
477, 15
477, 28
481, 32
481, 13
481, 0
481, 0
474, 7
474, 8
474, 0
474, 4
477, 11
477, 20
477, 2
477, 0
463, 5
463, 7
465, 8
465, 14
466, 15
466, 10
477, 21
477, 22
482, 27
482, 17
495, 29
495, 21
495, 4
495, 15
485, 11
485, 6
485, 0
485, 0
479, 0
479, 6
485, 12
485, 0
485, 0
485, 0
485, 17
501, 33
501, 25
501, 16
501, 0
476, 0
476, 0
476, 0
476, 0
490, 15
490, 15
490, 0
490, 0
475, 0
475, 0
475, 10
487, 23
487, 26
499, 38
499, 20
515, 36
515, 42
521, 49
521, 41
530, 50
530, 32
536, 38
536, 55
536, 37
536, 53
538, 56
538, 67
556, 85
556, 95
556, 77
556, 67
518, 56
518, 75
518, 60
518, 69
530, 87
530, 99
530, 97
530, 88
502, 71
502, 81
502, 73
508, 87
508, 68
508, 66
521, 81
521, 100
537, 116
537, 122
537, 116
537, 119
552, 137
552, 135
552, 126
557, 140
557, 121
559, 122
559, 142
559, 128
559, 141
545, 129
545, 117
564, 136
564, 154
569, 159
569, 147
569, 141
569, 142
564, 142
564, 154
564, 136
564, 120
530, 120
530, 110
544, 123
544, 116
549, 121
549, 109
549, 106
549, 105
526, 86
526, 73
526, 70
542, 89
542, 88
553, 99
553, 110
553, 106
553, 105
545, 103
545, 98
562, 115
562, 127
579, 145
579, 156
581, 158
581, 139
581, 130
581, 133
568, 126
568, 141
585, 158
585, 174
592, 181
592, 192
592, 183
592, 171
581, 182
581, 177
581, 162
581, 172
570, 166
570, 157
570, 150
570, 153
585, 172
585, 158
585, 142
585, 139
582, 154
582, 174
582, 162
589, 181
589, 178
606, 195
606, 206
606, 199
606, 182
593, 193
593, 206
608, 221
608, 226
608, 211
608, 213
606, 224
606, 230
606, 230
606, 211
592, 216
592, 207
592, 204
605, 221
605, 231
605, 215
605, 232
599, 224
599, 231
599, 227
599, 228
609, 242
609, 247
629, 267
629, 247
629, 248
629, 230
620, 238
620, 240
639, 259
639, 264
646, 271
646, 256
646, 244
646, 235
624, 234
624, 225
624, 210
626, 228
626, 219
626, 203
626, 196
587, 180
587, 193
590, 195
590, 175
591, 176
591, 181
591, 182
591, 174
576, 167
576, 166
576, 156
576, 138
554, 143
554, 139
554, 135
554, 119
521, 107
521, 98
528, 104
528, 101
533, 107
533, 114
533, 114
543, 124
543, 110
543, 94
543, 79
519, 86
519, 89
530, 100
530, 104
530, 88
530, 72
495, 70
495, 76
495, 61
495, 56
476, 57
476, 76
488, 88
488, 91
496, 99
496, 108
511, 123
511, 105
514, 108
514, 106
515, 107
515, 113
521, 119
521, 104
537, 120
537, 131
556, 151
556, 160
576, 179
576, 195
576, 184
576, 164
547, 167
547, 177
547, 160
547, 166
531, 161
531, 163
550, 182
550, 172
562, 184
562, 200
576, 214
576, 203
576, 189
576, 184
570, 197
570, 217
572, 219
572, 214
572, 202
572, 205
554, 196
554, 184
554, 174
559, 189
559, 183
559, 176
559, 161
544, 169
544, 154
544, 139
544, 125
529, 139
529, 125
529, 117
529, 106
524, 120
524, 128
524, 128
524, 116
526, 130
526, 126
526, 110
526, 91
474, 74
474, 79
474, 68
474, 59
463, 67
463, 59
463, 60
471, 67
471, 62
471, 54
479, 70
479, 80
499, 99
499, 118
502, 121
502, 116
502, 103
502, 95
470, 84
470, 76
470, 72
470, 65
440, 46
440, 47
440, 28
440, 23
412, 19
412, 27
416, 30
416, 34
416, 15
416, 1
381, 0
381, 0
381, 0
381, 5
376, 0
376, 17
392, 32
392, 25
398, 31
398, 13
398, 0
404, 20
404, 17
408, 21
408, 20
408, 15
408, 0
407, 20
